ID,PLAYER,TEAM,AGE,GP,W,L,MIN,PTS,FGM,FGA,FG%,3PM,3PA,3P%,FTM,FTA,FT%,OREB,DREB,REB,AST,TOV,STL,BLK,PF,FP,DD2,TD3,+/-,GP RANK,W RANK,L RANK,MIN RANK,PTS RANK,FGM RANK,FGA RANK,FG% RANK,3PM RANK,3PA RANK,3P% RANK,FTM RANK,FTA RANK,FT% RANK,OREB RANK,DREB RANK,REB RANK,AST RANK,TOV RANK,STL RANK,BLK RANK,PF RANK,FP RANK,DD2 RANK,TD3 RANK,+/- RANK
1,Kevin Durant,BKN,33,27,20,7,37.0,29.7,10.8,20.6,52.3,1.9,4.9,38.2,6.3,7.1,88.6,0.5,7.4,7.9,5.9,3.2,0.6,0.9,1.8,49.2,10,2,4.9
2,Trae Young,ATL,23,29,14,15,34.2,27.3,9.5,20.6,46.0,2.7,7.1,37.7,5.6,6.3,89.1,0.8,3.2,4.0,9.3,4.1,1.0,0.1,1.7,45.4,15,0,2.9
3,Giannis Antetokounmpo,MIL,27,26,17,9,32.6,27.0,9.5,18.0,52.9,1.1,3.8,28.0,6.9,10.1,68.1,2.0,9.5,11.6,5.8,3.3,1.1,1.6,3.0,54.4,16,1,7.6
4,Stephen Curry,GSW,33,28,23,5,34.3,27.0,8.7,20.3,43.0,5.4,13.5,39.8,4.2,4.5,92.9,0.7,4.8,5.5,6.1,3.4,1.6,0.5,2.0,45.5,6,1,11.3
5,DeMar DeRozan,CHI,32,25,17,8,35.2,26.8,9.5,19.2,49.6,0.8,2.4,33.3,7.0,7.8,89.3,0.6,4.6,5.2,4.2,2.1,0.9,0.4,2.3,41.1,1,0,6.1
6,Nikola Jokic,DEN,26,24,14,10,32.6,26.3,10.3,17.5,59.0,1.7,4.4,38.1,4.0,5.3,75.4,2.4,11.1,13.5,7.5,3.4,1.3,0.7,2.6,56.3,21,6,8.6
7,Jayson Tatum,BOS,23,30,15,15,36.5,26.2,9.2,21.8,42.3,2.9,8.6,33.2,4.8,5.9,81.9,1.1,7.5,8.6,3.6,2.7,0.9,0.7,2.4,44.1,10,0,2.8
8,Zach LaVine,CHI,26,27,17,10,35.1,26.0,9.5,19.4,49.0,2.9,7.5,39.1,4.1,4.8,84.6,0.3,5.0,5.3,4.2,2.7,0.5,0.3,1.6,38.6,0,0,1.0
9,LeBron James,LAL,36,19,11,8,37.2,25.9,9.7,19.4,50.1,2.7,7.7,34.7,3.8,5.0,75.8,0.7,5.9,6.6,6.8,3.7,1.7,1.0,2.4,48.4,8,2,1.6
10,Luka Doncic,DAL,22,21,12,9,35.0,25.6,9.5,21.3,44.7,2.7,8.3,32.6,3.9,5.5,69.8,0.8,7.2,8.0,8.5,4.6,1.0,0.5,2.5,48.1,12,2,-4.0
11,Donovan Mitchell,UTA,25,28,19,9,32.5,25.2,9.4,20.3,46.0,3.3,9.4,34.6,3.2,3.6,88.2,0.8,2.9,3.7,5.0,3.0,1.7,0.2,2.4,39.8,0,0,8.3
12,Paul George,LAC,31,24,13,11,35.9,25.0,9.2,21.7,42.2,2.7,8.4,31.8,4.0,4.5,88.0,0.4,6.9,7.3,5.4,4.3,1.9,0.4,2.6,44.3,6,0,1.2
13,Karl-Anthony Towns,MIN,26,29,15,14,34.4,24.4,8.6,17.0,50.6,2.4,5.7,41.8,4.8,5.8,82.2,2.9,6.1,9.0,3.4,3.4,1.1,1.1,3.7,43.4,14,0,2.9
14,Joel Embiid,PHI,27,19,12,7,33.1,24.3,7.5,16.9,44.5,1.3,3.4,36.9,7.9,9.9,79.9,1.6,9.3,10.9,4.3,2.6,1.1,1.3,2.7,48.3,8,0,3.6
15,Ja Morant,MEM,22,19,9,10,32.6,24.1,8.9,18.8,47.6,1.6,4.6,35.6,4.6,5.9,77.7,1.3,4.3,5.6,6.8,3.2,1.6,0.3,1.3,43.4,4,0,-4.4
16,Brandon Ingram,NOP,24,24,10,14,35.6,23.3,8.5,19.1,44.8,1.8,5.0,36.1,4.5,5.4,82.3,0.8,5.5,6.2,4.9,2.9,0.7,0.4,2.1,38.3,2,0,-1.7
17,Anthony Davis,LAL,28,27,13,14,35.4,23.3,9.3,17.9,52.1,0.4,2.1,17.9,4.3,6.0,72.7,2.7,7.1,9.9,2.9,2.2,1.2,2.0,2.3,46.9,13,0,-1.8
18,Bradley Beal,WAS,28,28,13,15,35.9,23.3,9.0,19.8,45.6,1.5,5.4,28.3,3.8,4.6,82.0,1.0,3.6,4.6,5.9,3.4,0.8,0.3,2.3,37.6,2,0,-2.8
19,Damian Lillard,POR,31,25,12,13,36.4,23.2,7.6,19.0,39.8,3.1,9.7,31.7,5.0,5.6,89.3,0.5,3.7,4.2,7.6,2.9,0.6,0.4,1.4,39.7,8,0,1.7
20,Devin Booker,PHX,25,22,19,3,31.9,22.9,8.5,18.5,45.6,2.5,6.0,40.9,3.5,4.1,85.7,0.8,4.1,5.0,4.5,2.6,0.9,0.2,2.4,36.4,0,0,6.6
21,Jimmy Butler,MIA,32,18,11,7,33.7,22.8,7.7,15.2,50.9,0.3,1.7,19.4,7.1,8.3,85.2,1.6,4.2,5.8,5.2,1.9,2.2,0.3,1.6,43.0,3,1,2.1
22,Anthony Edwards,MIN,20,28,13,15,35.9,22.1,8.1,18.7,43.4,3.1,8.6,36.0,2.8,3.5,78.8,1.2,4.6,5.8,3.6,3.3,1.6,0.7,2.3,38.0,3,0,0.9
23,Shai Gilgeous-Alexander,OKC,23,25,9,16,34.9,21.6,7.4,17.8,41.3,2.0,6.4,30.8,4.9,6.0,81.3,0.6,4.0,4.6,4.9,2.4,0.9,0.7,2.2,36.9,1,0,-4.8
24,De'Aaron Fox,SAC,24,29,12,17,34.2,21.3,7.9,17.4,45.5,1.1,4.1,26.3,4.3,5.9,74.1,0.5,3.1,3.7,5.0,2.7,1.4,0.4,2.8,36.0,1,0,-4.7
25,Jaylen Brown,BOS,25,16,8,8,32.6,21.3,7.7,16.8,45.9,2.7,7.0,38.4,3.2,4.3,73.9,0.6,4.8,5.3,2.6,2.7,1.2,0.4,2.6,33.7,0,0,4.9
26,James Harden,BKN,32,26,18,8,36.2,20.8,5.9,14.7,40.4,2.5,7.3,33.7,6.5,7.4,88.5,0.9,7.0,7.9,9.6,5.0,1.4,0.7,2.4,45.9,17,4,2.7
27,CJ McCollum,POR,30,24,11,13,35.3,20.6,8.0,18.8,42.4,3.2,8.2,39.3,1.5,2.1,70.0,1.1,3.0,4.1,4.5,1.9,1.1,0.7,2.1,35.7,0,0,-2.5
28,Tyler Herro,MIA,21,25,14,11,32.9,20.3,7.8,17.8,44.0,2.6,6.8,38.2,2.0,2.4,86.4,0.8,4.5,5.2,3.7,3.1,0.6,0.1,1.3,30.9,1,0,1.0
29,Jerami Grant,DET,27,24,4,20,33.2,20.1,6.6,15.9,41.4,1.8,5.3,33.1,5.2,6.1,84.9,1.0,3.9,4.8,2.6,2.1,1.1,1.1,2.3,34.4,1,0,-7.6
30,Fred VanVleet,TOR,27,28,14,14,37.9,20.1,7.0,16.2,43.4,3.4,8.5,39.7,2.6,3.0,86.9,0.8,4.3,5.1,6.7,3.0,1.6,0.6,2.5,39.7,4,0,4.2
31,LaMelo Ball,CHA,20,26,13,13,32.8,19.9,7.2,17.1,42.0,2.8,7.3,38.9,2.7,2.9,90.8,1.7,6.0,7.7,8.1,3.2,1.9,0.4,3.1,45.0,10,2,0.6
32,Cole Anthony,ORL,21,23,5,18,34.1,19.9,6.9,16.5,41.7,2.8,7.6,36.6,3.3,3.8,87.5,0.6,5.5,6.1,5.6,3.0,0.8,0.2,2.5,35.6,4,0,-2.5
33,Miles Bridges,CHA,23,32,16,16,36.5,19.8,7.4,15.6,47.6,1.9,6.0,32.5,3.1,4.0,77.2,1.3,5.9,7.2,3.8,1.8,1.2,0.9,2.5,38.3,4,0,1.5
34,Malcolm Brogdon,IND,29,25,10,15,35.3,19.7,7.0,15.5,44.8,1.8,5.9,31.3,4.0,4.6,86.1,0.9,4.6,5.5,6.2,2.3,0.9,0.4,2.2,37.5,4,1,2.7
35,Dillon Brooks,MEM,25,17,11,6,28.6,19.7,7.1,16.6,42.9,1.8,5.2,34.1,3.7,4.1,90.0,0.8,2.8,3.6,2.8,1.9,1.2,0.1,3.4,30.3,0,0,6.6
36,Julius Randle,NYK,27,30,13,17,35.4,19.6,6.9,16.5,42.0,1.8,5.5,33.5,3.9,5.0,78.5,1.7,8.0,9.7,5.3,3.4,0.7,0.7,2.9,40.0,13,0,-4.7
37,Russell Westbrook,LAL,33,31,16,15,36.0,19.5,7.3,16.2,45.3,1.2,3.8,31.4,3.6,5.5,65.9,1.3,6.4,7.7,8.3,4.5,1.1,0.3,3.0,40.8,13,5,-1.4
38,Kristaps Porzingis,DAL,26,22,11,11,29.9,19.4,6.9,15.7,43.8,1.5,5.5,28.3,4.1,4.5,90.0,2.1,5.7,7.9,2.0,1.4,0.7,1.6,2.4,37.4,8,0,-0.7
39,OG Anunoby,TOR,24,16,8,8,36.7,19.3,7.3,17.1,42.9,2.6,7.2,35.7,2.1,2.6,81.0,1.5,3.8,5.3,2.7,1.6,1.5,0.6,2.8,34.2,1,0,1.3
40,Pascal Siakam,TOR,27,17,6,11,34.4,19.1,7.4,15.6,47.0,1.1,3.5,30.0,3.4,4.5,74.0,1.9,5.7,7.6,3.7,2.2,0.6,0.8,3.3,36.0,4,0,1.4
41,Darius Garland,CLE,21,29,18,11,34.2,19.1,7.2,15.1,47.6,2.6,6.7,39.2,2.1,2.4,89.9,0.4,2.6,3.0,7.3,3.8,1.3,0.1,1.8,34.1,8,0,7.9
42,Jonas Valanciunas,NOP,29,31,10,21,31.6,18.9,7.4,13.9,52.9,1.1,2.3,46.5,3.1,3.8,81.5,3.5,8.4,11.9,2.5,2.3,0.6,1.0,3.1,39.3,23,0,-1.9
43,D'Angelo Russell,MIN,25,25,15,10,32.6,18.9,6.5,16.6,39.2,3.0,8.7,34.1,2.9,3.6,79.1,0.4,3.5,4.0,6.2,2.6,0.9,0.6,2.1,35.1,2,0,6.8
44,Bam Adebayo,MIA,24,18,10,8,32.9,18.7,7.0,13.5,51.9,0.0,0.1,0.0,4.7,6.2,75.9,2.7,7.4,10.2,3.2,2.9,1.1,0.3,3.3,37.1,9,0,1.6
45,Andrew Wiggins,GSW,26,29,24,5,31.1,18.7,7.0,14.2,49.1,2.2,5.3,42.2,2.5,3.6,70.9,1.2,3.3,4.5,1.8,1.6,0.8,0.6,1.8,29.5,0,0,6.4
46,Tobias Harris,PHI,29,21,9,12,34.3,18.5,7.1,15.6,45.9,1.2,4.1,29.9,3.0,3.5,84.9,1.0,6.7,7.7,3.4,1.6,0.3,0.6,1.7,33.9,4,0,-2.0
47,Domantas Sabonis,IND,25,31,13,18,34.1,18.3,7.0,11.9,59.0,0.7,2.4,29.3,3.6,4.7,76.0,3.3,8.5,11.8,4.2,3.0,1.1,0.4,3.2,40.1,23,1,2.9
48,Norman Powell,POR,28,27,11,16,31.9,18.1,6.1,13.1,46.8,2.2,5.3,41.5,3.6,4.4,82.2,0.3,2.4,2.7,2.1,1.6,0.9,0.4,2.2,26.8,0,0,-1.8
49,Dejounte Murray,SAS,25,29,11,18,34.4,17.9,7.5,16.9,44.6,1.3,4.0,33.0,1.6,2.3,68.7,1.1,7.3,8.3,8.5,2.4,1.9,0.4,2.0,45.1,14,5,0.4
50,Jordan Poole,GSW,22,28,23,5,30.7,17.9,6.2,14.0,44.2,2.6,7.8,33.8,2.9,3.1,90.9,0.3,3.1,3.4,3.4,2.5,1.0,0.2,2.9,28.4,0,0,5.4
51,Khris Middleton,MIL,30,21,15,6,30.9,17.8,6.1,14.8,41.2,2.2,6.2,35.1,3.4,3.9,87.8,0.6,5.1,5.7,4.9,3.1,1.1,0.1,2.1,32.6,0,0,4.6
52,Gordon Hayward,CHA,31,32,16,16,33.7,17.7,6.3,13.6,46.1,1.8,4.7,39.6,3.4,3.9,85.7,0.8,3.9,4.8,3.8,1.9,0.8,0.6,1.7,31.3,1,0,-1.4
53,Reggie Jackson,LAC,31,30,16,14,33.1,17.4,6.6,16.9,39.3,2.6,8.1,32.6,1.5,1.9,80.7,0.6,2.9,3.5,4.3,2.1,0.7,0.2,1.8,28.6,2,0,3.0
54,Harrison Barnes,SAC,29,26,10,16,33.7,17.4,5.3,11.8,44.8,1.8,4.7,38.2,5.1,6.0,85.2,1.3,5.2,6.5,2.5,1.8,0.9,0.1,1.3,30.1,4,0,-3.4
54,Luguentz Dort,OKC,22,26,9,17,32.3,17.4,6.0,13.9,43.4,2.5,7.5,33.8,2.8,3.3,83.9,0.7,3.1,3.8,1.8,1.6,0.9,0.3,2.8,26.8,0,0,-8.0
56,Jrue Holiday,MIL,31,25,17,8,32.7,17.3,7.2,15.0,47.9,1.7,4.8,35.3,1.3,2.0,67.3,0.8,3.6,4.4,6.4,2.6,1.4,0.5,2.0,35.3,2,0,7.6
57,John Collins,ATL,24,29,14,15,32.4,17.2,6.5,11.7,55.6,1.2,3.1,39.6,2.9,3.7,79.4,1.8,6.1,7.9,2.1,1.1,0.8,1.2,3.0,34.7,8,0,3.7
58,Dennis Schroder,BOS,28,27,13,14,33.1,17.1,6.2,14.1,43.8,1.6,4.6,33.6,3.2,3.6,89.6,0.6,2.9,3.6,4.8,2.6,0.9,0.1,2.4,28.9,0,0,1.1
59,Tyrese Maxey,PHI,21,28,14,14,34.6,17.0,6.4,13.4,48.0,1.2,3.2,37.1,3.0,3.4,87.5,0.4,3.1,3.5,4.7,1.4,0.7,0.6,2.4,30.9,0,0,-0.9
60,Bojan Bogdanovic,UTA,32,29,20,9,29.8,17.0,5.7,12.1,47.2,2.6,6.0,42.3,3.0,3.3,90.5,0.8,3.0,3.8,1.7,1.4,0.4,0.0,1.6,24.1,0,0,6.3
61,Jarrett Allen,CLE,23,28,19,9,32.6,16.8,6.8,9.7,70.2,0.0,0.2,16.7,3.1,4.3,71.9,3.3,7.5,10.8,2.0,2.0,0.9,1.4,1.9,37.5,17,0,5.4
62,Gary Trent Jr.,TOR,22,27,14,13,34.5,16.8,6.3,14.4,43.4,2.7,7.1,38.3,1.5,1.7,87.2,0.4,2.6,3.0,2.0,0.9,2.2,0.3,2.1,30.0,0,0,2.1
63,Deandre Ayton,PHX,23,21,17,4,30.9,16.8,7.4,12.0,61.7,0.0,0.3,16.7,1.9,2.8,66.1,2.9,8.4,11.3,1.6,1.8,0.8,0.8,2.2,35.6,13,0,3.2
64,Christian Wood,HOU,26,28,10,18,31.7,16.7,6.3,13.8,45.9,1.6,4.8,34.3,2.4,4.1,57.8,1.9,9.1,11.0,2.3,1.9,0.6,1.0,2.6,36.3,15,0,-5.3
65,Kelly Oubre Jr.,CHA,26,32,16,16,29.0,16.7,6.2,13.5,45.7,2.9,7.6,37.7,1.5,2.3,65.3,1.2,2.9,4.1,1.3,1.1,1.0,0.3,2.6,26.5,1,0,-1.0
66,Jaren Jackson Jr.,MEM,22,30,18,12,26.9,16.4,5.6,13.2,42.8,2.0,5.9,33.3,3.2,3.7,84.8,1.1,4.2,5.2,1.0,1.6,0.9,1.9,3.5,30.9,0,0,3.7
67,Caris LeVert,IND,27,23,11,12,29.0,16.3,6.5,14.8,44.0,1.3,4.5,29.8,2.0,2.4,80.4,0.5,2.3,2.7,3.3,1.7,1.0,0.5,1.9,27.4,0,0,4.0
67,Terry Rozier,CHA,27,23,11,12,31.7,16.3,6.1,14.6,41.8,2.3,6.9,34.0,1.8,2.2,84.0,0.6,2.8,3.4,3.3,1.3,1.2,0.5,1.3,29.2,0,0,-4.0
69,Desmond Bane,MEM,23,31,19,12,28.9,16.3,6.2,13.3,46.5,2.6,6.5,40.6,1.2,1.3,92.7,0.5,3.8,4.3,2.2,1.4,0.9,0.4,2.5,27.4,0,0,1.6
70,Seth Curry,PHI,31,27,14,13,34.4,16.1,6.1,11.8,51.6,2.1,5.4,39.0,1.9,2.2,86.4,0.5,2.5,3.0,3.0,1.6,0.8,0.2,2.4,25.5,0,0,0.4
71,Buddy Hield,SAC,29,31,13,18,28.9,16.0,5.4,13.6,39.2,3.6,9.7,37.4,1.6,1.9,86.4,0.7,3.2,3.9,2.1,1.6,0.8,0.3,2.1,25.5,0,0,-1.5
71,Collin Sexton,CLE,22,11,7,4,28.8,16.0,6.2,13.7,45.0,1.0,4.1,24.4,2.6,3.5,74.4,1.2,2.1,3.3,2.1,2.8,0.9,0.0,2.3,23.0,0,0,-2.7
71,Isaiah Thomas,LAL,32,2,0,2,27.0,16.0,5.0,11.5,43.5,2.5,6.5,38.5,3.5,4.5,77.8,0.5,1.5,2.0,1.0,2.0,0.0,0.5,2.5,19.4,0,0,-1.0
74,Bobby Portis,MIL,26,25,16,9,28.4,15.6,6.0,12.6,47.3,1.9,4.7,40.2,1.8,2.3,79.3,2.8,6.2,9.0,1.4,1.6,0.9,1.0,2.5,32.7,10,0,2.4
75,Scottie Barnes,TOR,20,27,12,15,36.0,15.6,6.3,12.7,49.4,0.8,2.2,35.6,2.3,3.1,72.6,3.0,5.3,8.3,3.4,1.9,1.1,1.0,2.9,34.9,5,0,0.1
76,Cade Cunningham,DET,20,24,5,19,32.3,15.6,5.8,14.9,39.1,2.2,7.0,31.7,1.8,2.1,84.0,1.0,5.1,6.1,5.0,3.8,1.5,0.6,2.8,33.0,5,1,-5.0
77,Will Barton,DEN,30,25,12,13,33.0,15.6,6.0,13.8,43.6,2.4,6.5,37.7,1.0,1.4,74.3,0.6,4.5,5.1,4.2,1.8,0.8,0.5,1.4,30.1,0,0,0.4
78,Nikola Vucevic,CHI,31,21,14,7,33.2,15.3,6.3,15.4,40.7,1.7,4.8,35.0,1.1,1.7,63.9,1.8,8.9,10.6,3.5,1.6,1.0,1.0,2.3,37.4,12,0,2.7
79,Rudy Gobert,UTA,29,29,20,9,31.7,15.1,5.4,7.4,73.8,0.0,0.0,0.0,4.2,6.3,67.2,3.1,11.7,14.8,1.0,1.8,0.8,2.3,2.6,41.8,23,0,8.2
80,RJ Barrett,NYK,21,25,12,13,31.4,15.1,5.4,13.3,40.2,1.9,5.3,35.3,2.5,3.4,73.3,0.8,4.8,5.6,2.1,1.7,0.4,0.3,2.0,25.5,1,0,-3.3
81,Keldon Johnson,SAS,22,28,10,18,30.7,15.1,5.8,12.0,48.1,1.5,3.2,46.1,2.1,3.1,65.9,1.1,5.3,6.3,1.8,1.3,0.9,0.1,1.7,27.2,3,0,-0.6
82,Jordan Clarkson,UTA,29,29,20,9,25.2,15.0,5.4,14.0,38.3,2.6,8.7,30.0,1.6,2.0,80.7,0.8,2.4,3.2,2.1,1.3,0.7,0.2,1.7,23.5,0,0,6.8
83,Jalen Brunson,DAL,25,28,14,14,29.8,14.9,5.9,11.8,49.5,1.0,3.0,32.9,2.2,2.8,78.2,0.6,3.3,3.9,5.2,1.6,0.8,0.0,2.0,28.2,4,0,0.7
84,Tim Hardaway Jr.,DAL,29,29,14,15,31.7,14.9,5.3,13.5,39.1,2.5,7.6,33.2,1.8,2.4,74.3,0.4,3.6,4.0,2.4,0.7,1.0,0.1,1.9,26.0,0,0,-0.7
85,Eric Gordon,HOU,32,25,10,15,29.8,14.8,5.3,10.9,48.4,2.4,5.3,44.4,1.9,2.7,70.6,0.2,1.6,1.8,3.2,2.6,0.6,0.5,1.2,22.7,0,0,-2.5
86,Franz Wagner,ORL,20,31,6,25,32.1,14.5,5.6,12.5,44.5,1.3,3.6,36.3,2.1,2.5,81.0,1.3,3.5,4.7,2.9,1.4,1.1,0.4,2.4,27.8,1,0,-4.5
87,Montrezl Harrell,WAS,27,31,16,15,25.8,14.5,5.5,8.5,64.2,0.1,0.3,33.3,3.4,4.6,72.9,2.2,5.3,7.5,2.2,1.2,0.5,0.6,1.9,29.1,6,0,1.6
88,Chris Paul,PHX,36,29,24,5,32.1,14.4,5.3,11.0,48.6,1.0,2.9,33.7,2.8,3.4,81.8,0.2,3.7,4.0,10.1,2.3,2.0,0.3,2.1,38.9,14,0,5.3
89,Aaron Gordon,DEN,26,29,15,14,32.6,14.1,5.3,10.3,51.8,1.0,3.0,34.9,2.4,3.1,75.8,1.9,3.7,5.6,2.3,1.6,0.6,0.7,2.0,26.5,2,0,4.1
90,Derrick White,SAS,27,29,11,18,31.0,14.0,5.0,12.0,41.4,1.5,5.4,28.0,2.6,3.0,87.2,0.5,3.2,3.7,5.0,1.4,1.2,0.9,2.1,30.8,1,0,-3.5
91,Jalen Green,HOU,19,18,2,16,30.8,14.0,4.8,12.7,38.2,1.8,6.4,27.8,2.6,3.2,80.7,0.4,2.7,3.1,2.3,2.7,0.6,0.2,1.6,21.0,0,0,-13.8
91,Richaun Holmes,SAC,28,22,9,13,27.1,14.0,5.9,8.4,70.7,0.1,0.2,50.0,2.1,2.6,80.7,2.7,6.6,9.3,1.4,1.4,0.3,1.0,3.0,29.5,8,0,-0.5
93,LaMarcus Aldridge,BKN,36,25,18,7,23.6,14.0,6.0,10.4,57.3,0.4,1.2,36.7,1.6,1.9,83.3,1.4,4.3,5.7,0.9,0.8,0.4,1.2,1.7,26.1,1,0,2.6
94,Kyle Lowry,MIA,35,29,17,12,34.6,13.9,4.7,11.0,42.5,2.2,6.6,33.3,2.3,2.7,83.5,0.6,3.9,4.4,8.2,3.2,1.0,0.4,2.6,32.4,8,1,1.6
95,Marcus Morris Sr.,LAC,32,13,6,7,29.7,13.8,5.2,12.1,43.3,2.0,5.4,37.1,1.3,1.7,77.3,0.5,4.3,4.8,1.9,1.4,0.5,0.3,2.2,23.5,1,0,-2.4
96,Evan Mobley,CLE,20,25,17,8,33.6,13.8,5.4,11.5,47.4,0.6,1.7,33.3,2.3,3.0,77.3,1.7,6.6,8.3,2.5,1.6,0.9,1.8,2.1,34.1,7,0,5.1
97,Devonte' Graham,NOP,26,28,9,19,31.3,13.8,4.6,12.3,37.7,3.0,8.2,37.0,1.4,1.8,78.4,0.5,2.0,2.5,4.5,1.6,1.2,0.1,1.4,25.9,0,0,0.4
98,Mike Conley,UTA,34,26,20,6,28.0,13.7,5.0,10.3,48.5,2.6,5.7,45.3,1.2,1.4,83.3,0.4,1.8,2.2,5.5,1.7,1.1,0.3,1.9,27.1,1,0,7.1
99,Lauri Markkanen,CLE,24,22,14,8,30.2,13.7,4.9,12.0,41.1,2.2,6.6,33.1,1.7,2.0,82.2,1.0,4.0,5.0,1.3,0.8,0.8,0.4,1.6,24.4,1,0,6.3
100,Patty Mills,BKN,33,30,21,9,30.2,13.6,4.9,11.0,44.2,3.2,7.4,43.0,0.7,0.8,88.0,0.3,1.7,2.0,2.5,1.1,0.6,0.3,1.3,21.3,0,0,6.2
101,Carmelo Anthony,LAL,37,31,16,15,27.7,13.5,4.5,10.6,42.4,2.5,6.1,40.4,2.0,2.4,82.4,0.7,3.3,4.0,1.0,0.8,0.7,0.7,2.3,23.2,0,0,-0.3
102,Nickeil Alexander-Walker,NOP,23,31,10,21,28.3,13.4,5.0,13.9,36.3,2.0,6.7,30.4,1.3,1.8,73.2,1.0,2.8,3.8,2.6,1.5,1.0,0.4,1.9,24.5,2,0,-3.8
103,Saddiq Bey,DET,22,29,5,24,32.2,13.3,4.8,12.9,36.9,1.9,6.2,31.1,1.9,2.3,79.4,1.7,4.1,5.8,2.4,1.3,1.0,0.2,1.7,26.1,2,0,-7.2
104,Jusuf Nurkic,POR,27,31,13,18,25.3,13.1,5.1,8.9,56.9,0.2,0.8,20.0,2.8,3.8,73.9,2.4,7.7,10.1,2.3,2.2,1.0,0.5,3.2,31.1,12,0,-0.1
105,Monte Morris,DEN,26,29,15,14,30.2,13.1,5.4,11.1,48.9,1.7,4.4,37.8,0.5,0.7,75.0,0.2,2.5,2.7,4.2,1.3,0.8,0.2,1.5,24.3,0,0,4.4
106,Evan Fournier,NYK,29,30,13,17,28.6,13.1,4.8,11.3,42.3,2.5,6.6,37.4,1.1,1.4,76.2,0.4,2.3,2.7,1.7,1.4,0.9,0.2,1.9,20.9,0,0,-4.1
106,Grayson Allen,MIL,26,30,18,12,29.2,13.1,4.5,10.3,43.7,3.0,7.2,41.7,1.1,1.2,86.5,0.5,3.1,3.6,1.2,0.7,0.8,0.4,1.5,22.0,0,0,3.6
108,Lonzo Ball,CHI,24,28,18,10,35.6,13.0,4.7,11.4,41.5,3.1,7.4,41.7,0.5,0.7,73.7,1.0,4.4,5.4,4.9,2.5,1.7,1.0,2.4,32.4,3,1,2.8
109,Myles Turner,IND,25,30,13,17,29.6,12.9,4.7,9.1,51.3,1.7,4.8,36.4,1.9,2.5,74.7,1.5,5.9,7.4,1.0,1.3,0.6,2.9,2.5,32.5,7,0,2.8
110,Chris Duarte,IND,24,29,13,16,29.1,12.9,5.0,11.9,42.0,1.8,5.3,34.0,1.1,1.5,74.4,0.6,3.6,4.2,2.1,1.7,1.0,0.1,1.8,22.7,0,0,1.9
111,Kevin Porter Jr.,HOU,21,19,6,13,30.2,12.8,4.4,12.2,35.8,1.8,5.8,30.9,2.3,3.7,62.9,0.8,3.6,4.4,5.8,4.0,1.3,0.3,2.3,27.7,3,0,-3.1
112,Ricky Rubio,CLE,31,31,19,12,28.4,12.7,4.2,11.6,36.3,1.7,5.0,34.0,2.5,3.0,84.9,0.4,3.5,3.9,6.6,2.7,1.3,0.2,2.3,29.0,4,0,5.8
113,Wendell Carter Jr.,ORL,22,30,5,25,28.8,12.6,4.9,9.8,50.2,1.3,3.8,34.5,1.5,2.1,71.0,2.1,7.8,9.9,2.5,1.4,0.6,0.6,2.5,30.6,13,0,-4.2
114,Kyle Kuzma,WAS,26,29,16,13,32.3,12.6,4.7,11.3,41.6,1.9,5.6,33.1,1.3,2.0,65.5,1.0,6.8,7.8,2.9,1.9,0.6,0.7,2.1,28.3,8,0,-4.6
115,Kemba Walker,NYK,31,19,10,9,25.2,12.6,4.4,10.4,42.6,2.3,5.4,41.7,1.5,1.8,80.0,0.2,2.5,2.7,3.1,1.3,1.0,0.3,1.3,22.9,0,0,-6.2
116,Kelly Olynyk,DET,30,10,2,8,22.9,12.5,4.5,9.8,45.9,1.4,4.1,34.1,2.1,3.5,60.0,1.3,4.0,5.3,2.3,1.5,1.4,0.7,2.7,27.1,1,0,-3.7
117,Garrison Mathews,HOU,25,17,9,8,29.2,12.5,3.8,8.8,43.3,2.7,7.4,36.8,2.1,2.6,80.0,0.6,2.9,3.6,0.6,0.5,0.8,0.5,2.8,21.2,0,0,0.8
118,Anfernee Simons,POR,22,27,13,14,23.6,12.4,4.6,10.4,44.0,2.1,5.6,38.7,1.1,1.2,93.8,0.6,2.0,2.6,2.1,1.2,0.4,0.1,1.7,19.0,0,0,-0.1
119,Tyrese Haliburton,SAC,21,29,13,16,33.4,12.4,4.9,10.7,46.0,1.8,4.4,41.1,0.8,1.0,75.9,1.0,3.1,4.1,6.0,2.0,1.7,0.8,1.4,32.0,5,0,-1.6
120,Jalen Suggs,ORL,20,21,4,17,27.7,12.3,4.1,12.2,33.9,1.2,4.9,25.5,2.8,3.6,76.3,0.8,2.6,3.4,3.6,3.2,1.1,0.4,2.8,23.2,0,0,-4.5
121,Mikal Bridges,PHX,25,29,24,5,34.3,12.3,4.9,9.2,53.0,1.3,3.3,40.6,1.1,1.3,86.8,1.0,3.0,3.9,1.9,0.8,1.4,0.5,2.1,24.7,0,0,7.2
122,Spencer Dinwiddie,WAS,28,26,14,12,29.3,12.3,4.2,11.2,37.8,1.6,4.9,32.0,2.2,2.7,84.1,0.7,4.2,5.0,5.1,1.7,0.5,0.2,2.3,26.0,3,0,-2.9
123,Jae'Sean Tate,HOU,26,30,10,20,28.1,12.2,4.7,9.6,49.5,0.8,2.7,31.3,1.9,2.7,72.5,1.8,4.0,5.8,3.2,2.0,1.0,0.6,3.5,26.8,4,0,-4.4
124,Al Horford,BOS,35,24,12,12,29.6,12.2,4.5,9.8,45.3,1.3,4.4,29.5,2.0,2.3,85.7,1.5,6.3,7.8,3.5,1.0,0.8,1.5,2.3,32.8,8,0,-0.5
125,Kevin Love,CLE,33,23,13,10,20.0,12.2,3.7,8.8,42.6,2.1,5.3,40.2,2.6,2.7,96.7,1.0,6.2,7.1,2.0,1.1,0.3,0.3,1.1,24.1,3,0,4.5
126,Pat Connaughton,MIL,28,32,19,13,29.0,12.1,4.3,8.8,49.1,2.6,6.3,41.5,0.8,1.0,78.8,0.8,3.9,4.7,1.4,0.8,1.0,0.3,1.4,23.2,0,0,-0.2
127,Derrick Rose,NYK,33,26,11,15,24.5,12.0,4.7,10.5,44.5,1.4,3.5,40.2,1.2,1.2,96.8,0.8,2.2,3.0,4.0,1.5,0.8,0.5,0.6,23.9,0,0,3.5
128,Jakob Poeltl,SAS,26,22,9,13,29.1,12.0,5.5,9.2,60.1,0.0,0.0,0.0,0.9,2.4,36.5,4.2,4.4,8.6,2.6,1.5,0.5,1.6,3.0,31.1,7,0,-1.0
129,Luke Kennard,LAC,25,30,16,14,29.0,11.9,4.2,9.4,44.2,2.9,6.3,45.7,0.7,0.7,95.5,0.2,3.4,3.6,2.0,0.8,0.7,0.1,1.5,20.8,0,0,3.6
130,Alec Burks,NYK,30,29,13,16,26.7,11.6,3.5,8.9,39.4,2.0,4.9,40.4,2.6,3.1,83.5,0.4,3.6,4.0,2.2,0.9,1.1,0.3,2.2,23.0,0,0,0.4
131,Bogdan Bogdanovic,ATL,29,20,11,9,28.2,11.6,4.5,10.0,44.7,2.2,5.5,39.1,0.6,0.7,78.6,0.4,3.2,3.6,2.5,0.9,0.7,0.2,1.9,21.2,0,0,2.8
132,Clint Capela,ATL,27,29,14,15,29.8,11.5,5.1,8.9,57.5,0.0,0.0,0.0,1.2,2.4,49.3,4.0,8.8,12.8,1.4,0.6,0.9,1.6,2.3,35.6,18,0,2.6
133,Cedi Osman,CLE,26,25,16,9,22.1,11.4,4.0,8.7,45.9,2.4,5.8,41.0,1.1,1.6,69.2,0.4,2.1,2.6,1.8,1.0,1.0,0.3,1.8,20.4,0,0,2.6
134,Josh Hart,NOP,26,24,8,16,31.5,11.3,4.3,8.4,50.7,0.8,2.3,32.1,2.0,2.7,76.6,1.2,6.0,7.2,4.3,1.8,0.8,0.3,2.8,27.9,5,0,-2.1
135,Joe Harris,BKN,30,14,10,4,30.2,11.3,4.0,8.9,45.2,2.9,6.3,46.6,0.4,0.4,83.3,0.4,3.6,4.0,1.0,1.1,0.5,0.1,2.2,18.4,0,0,1.1
136,Talen Horton-Tucker,LAL,21,15,8,7,28.8,11.3,4.3,10.7,40.6,1.0,3.6,27.8,1.6,1.9,82.8,0.7,3.8,4.5,2.9,1.5,1.3,0.5,3.1,24.9,1,0,0.3
137,Malik Beasley,MIN,25,30,15,15,26.0,11.2,4.0,11.0,36.1,2.7,8.1,33.5,0.6,0.8,72.0,0.3,2.8,3.1,1.8,0.7,0.6,0.2,1.2,19.3,0,0,-2.3
138,Devin Vassell,SAS,21,24,8,16,24.5,11.2,4.3,9.3,46.8,1.7,4.5,37.4,0.9,1.2,72.4,0.7,3.0,3.7,1.4,0.7,1.0,0.8,1.9,22.4,0,0,0.6
139,Lonnie Walker IV,SAS,23,28,11,17,22.7,11.2,4.1,10.3,39.9,1.6,5.1,31.3,1.4,1.6,86.4,0.2,2.7,2.9,2.5,1.2,0.6,0.3,1.3,20.1,0,0,0.3
140,Shake Milton,PHI,25,25,13,12,25.4,11.2,4.3,9.6,44.4,1.0,3.0,32.0,1.6,1.9,85.4,0.5,2.6,3.1,2.9,1.2,0.8,0.4,2.1,21.5,0,0,-0.7
141,Duncan Robinson,MIA,27,31,18,13,28.5,11.1,3.8,10.3,37.1,2.8,8.5,33.6,0.6,0.8,76.9,0.4,3.1,3.5,1.5,0.8,0.8,0.3,2.8,19.9,0,0,0.5
142,Cam Reddish,ATL,22,25,12,13,22.3,11.1,3.7,9.2,40.6,1.6,4.2,37.7,2.0,2.2,91.1,0.8,1.8,2.6,0.9,1.2,1.0,0.2,1.3,18.0,0,0,-3.2
143,Terrence Ross,ORL,30,28,5,23,25.5,11.1,3.7,9.4,39.4,1.4,4.7,29.0,2.3,2.7,85.3,0.4,2.1,2.4,2.2,1.6,0.6,0.2,1.3,18.2,0,0,-9.4
144,P.J. Washington,CHA,23,19,8,11,25.3,11.1,3.9,8.6,45.4,2.0,4.8,41.8,1.3,1.7,75.0,1.3,3.8,5.1,2.2,1.3,0.7,1.2,2.2,24.9,1,0,1.1
145,Doug McDermott,SAS,29,21,8,13,25.1,11.0,4.2,9.3,45.6,2.0,5.1,39.8,0.5,0.7,78.6,0.4,2.0,2.4,1.3,0.7,0.2,0.1,1.3,16.0,0,0,-2.7
146,Kentavious Caldwell-Pope,WAS,28,31,16,15,29.2,11.0,3.9,9.5,41.2,2.0,5.3,37.8,1.2,1.3,87.8,0.5,3.0,3.5,1.6,1.2,1.3,0.4,1.9,21.4,0,0,-3.8
147,JaVale McGee,PHX,33,29,24,5,16.0,10.9,4.7,7.1,65.9,0.0,0.1,25.0,1.5,2.2,68.8,2.6,4.9,7.5,0.7,1.6,0.4,0.8,2.6,22.8,5,0,4.0
148,De'Andre Hunter,ATL,24,11,3,8,27.8,10.8,4.5,10.1,45.0,1.4,3.5,39.5,0.4,0.9,40.0,0.4,2.4,2.7,0.6,1.3,0.6,0.3,2.9,16.5,0,0,-2.5
149,Marcus Smart,BOS,27,29,15,14,34.2,10.8,3.8,9.8,38.6,1.3,4.6,27.6,1.9,2.5,76.4,0.6,3.3,3.9,5.6,1.9,2.0,0.2,2.4,28.7,0,0,3.0
150,Frank Jackson,DET,23,29,5,24,22.2,10.7,3.7,9.0,41.2,1.9,5.7,33.1,1.3,1.6,84.8,0.3,1.2,1.4,0.8,0.9,0.4,0.2,1.5,14.7,0,0,-3.8
151,Josh Richardson,BOS,28,22,12,10,25.2,10.7,3.8,8.0,47.5,1.5,3.6,40.5,1.6,2.0,81.4,0.6,2.3,2.9,1.4,0.7,0.7,0.5,2.0,19.0,0,0,1.0
152,Josh Giddey,OKC,19,26,9,17,29.9,10.6,4.5,11.4,39.2,0.8,3.5,24.2,0.8,1.2,70.0,1.5,5.7,7.2,6.0,2.9,0.9,0.6,1.8,29.9,4,0,-7.4
153,Frank Kaminsky,PHX,28,9,8,1,20.1,10.6,4.0,7.3,54.5,0.6,1.7,33.3,2.0,2.2,90.0,1.2,3.3,4.6,1.4,0.6,0.9,0.8,1.6,22.6,0,0,4.3
154,Kevin Huerter,ATL,23,28,13,15,27.6,10.5,4.2,9.0,46.2,1.8,4.6,38.0,0.4,0.5,85.7,0.4,2.9,3.3,2.7,1.3,0.4,0.3,1.9,19.3,0,0,2.9
155,Cameron Payne,PHX,27,24,21,3,19.9,10.5,3.8,9.6,39.8,1.0,3.3,31.6,1.8,2.1,84.3,0.4,2.7,3.1,3.4,2.0,0.6,0.3,2.0,20.2,0,0,0.3
156,Georges Niang,PHI,28,28,15,13,23.6,10.4,3.8,8.5,44.1,1.9,5.1,38.0,1.0,1.1,87.1,0.2,2.3,2.5,1.5,0.8,0.6,0.3,2.5,17.3,0,0,0.7
157,De'Anthony Melton,MEM,23,28,18,10,24.2,10.4,3.9,9.3,41.4,1.8,4.9,35.5,0.9,1.3,71.4,0.9,3.1,4.0,2.7,1.6,1.7,0.6,1.7,24.6,0,0,3.3
158,Mo Bamba,ORL,23,27,5,22,28.7,10.3,4.2,9.1,45.7,1.3,4.0,32.4,0.7,0.9,72.0,2.3,6.3,8.6,1.7,1.4,0.8,2.2,2.6,30.8,9,0,-6.6
159,Cameron Johnson,PHX,25,29,24,5,24.3,10.3,3.6,8.4,42.4,2.2,5.3,40.9,1.0,1.3,78.4,0.4,3.4,3.8,1.2,0.8,0.8,0.3,1.6,19.0,0,0,3.0
160,Immanuel Quickley,NYK,22,29,13,16,21.8,10.2,3.3,8.6,39.0,1.8,5.3,34.6,1.7,1.8,92.3,0.4,2.0,2.4,2.6,1.1,0.7,0.1,2.2,17.9,0,0,4.0
161,Terance Mann,LAC,25,29,15,14,28.6,10.0,3.7,7.9,47.4,1.0,2.8,35.8,1.6,2.0,78.0,1.6,4.0,5.6,2.3,1.1,0.6,0.1,2.4,21.1,3,0,0.6
162,Onyeka Okongwu,ATL,21,1,0,1,13.9,10.0,4.0,4.0,100,0.0,0.0,0.0,2.0,2.0,100,0.0,2.0,2.0,0.0,1.0,1.0,0.0,5.0,14.4,0,0,-11.0
163,Jeff Green,DEN,35,29,15,14,25.3,10.0,3.5,7.1,49.3,0.8,2.4,34.3,2.2,2.6,82.9,0.4,2.7,3.1,1.2,1.0,0.3,0.5,2.3,16.8,1,0,-0.3
164,Justin Holiday,IND,32,25,10,15,27.7,10.0,3.6,9.0,39.4,2.4,6.7,35.3,0.5,0.6,80.0,0.3,2.5,2.8,1.6,0.8,0.5,0.3,2.1,17.4,0,0,1.0
165,Max Strus,MIA,25,24,15,9,21.3,10.0,3.4,7.5,45.8,2.2,5.4,41.1,0.9,1.3,73.3,0.3,2.9,3.2,1.0,0.6,0.4,0.1,1.5,16.0,0,0,1.8
166,Michael Porter Jr.,DEN,23,9,5,4,29.4,9.9,4.1,11.4,35.9,1.1,5.3,20.8,0.6,1.0,55.6,1.0,5.6,6.6,1.9,1.3,1.1,0.2,1.8,23.3,1,0,6.4
167,Dorian Finney-Smith,DAL,28,29,14,15,32.3,9.8,3.7,8.1,44.9,1.8,4.8,37.9,0.7,1.1,61.3,1.7,3.0,4.7,1.8,0.9,1.4,0.5,2.3,22.9,0,0,-1.1
168,Malik Monk,LAL,23,28,15,13,23.8,9.7,3.6,8.1,44.7,1.7,4.8,36.1,0.7,0.9,80.0,0.4,2.4,2.8,2.2,1.3,0.7,0.3,1.5,17.9,0,0,2.2
169,Davion Mitchell,SAC,23,29,12,17,25.7,9.7,3.9,9.8,39.6,1.2,3.9,30.7,0.7,1.0,66.7,0.6,2.0,2.6,3.6,1.1,0.7,0.2,2.2,19.9,0,0,-1.8
170,Jae Crowder,PHX,31,29,24,5,27.9,9.6,3.3,8.0,41.2,1.9,5.3,35.5,1.1,1.4,80.0,0.4,4.4,4.8,1.3,0.9,1.1,0.5,2.3,21.4,0,0,6.1
171,Danilo Gallinari,ATL,33,26,12,14,21.8,9.6,3.1,7.4,41.5,1.6,3.8,41.8,1.8,2.0,92.3,0.5,3.4,4.0,1.3,0.5,0.5,0.2,1.4,18.1,0,0,-1.0
172,Ivica Zubac,LAC,24,30,16,14,24.7,9.6,3.5,5.3,66.7,0.0,0.0,0.0,2.5,3.3,75.0,2.5,5.4,7.9,1.1,1.3,0.6,1.1,2.4,24.4,8,0,-1.6
173,Eric Bledsoe,LAC,32,30,16,14,26.2,9.5,3.5,8.4,41.5,0.9,3.0,30.8,1.6,2.0,77.0,0.6,3.1,3.7,3.7,2.0,1.3,0.4,1.6,22.5,1,0,-3.2
174,Cody Martin,CHA,26,29,16,13,27.5,9.4,3.5,6.8,51.3,1.2,2.3,50.7,1.3,1.7,74.0,1.4,3.0,4.4,2.7,0.8,1.4,0.6,1.7,23.8,0,0,0.0
175,Isaac Okoro,CLE,20,23,13,10,28.8,9.3,3.4,7.7,44.4,1.0,3.2,30.1,1.5,2.0,76.1,1.3,2.7,4.0,1.7,1.1,0.9,0.3,2.3,19.1,0,0,2.6
176,Nicolas Batum,LAC,33,16,10,6,26.6,9.3,3.4,6.4,52.4,2.3,5.0,45.0,0.3,0.6,50.0,0.4,4.5,4.9,1.5,0.9,1.2,0.8,1.1,22.4,0,0,0.9
177,Robert Williams III,BOS,24,23,12,11,27.7,9.3,4.1,5.6,73.4,0.0,0.0,0.0,1.1,1.8,61.9,3.5,4.7,8.2,1.2,1.2,0.7,1.7,1.8,26.8,6,0,2.0
178,Alperen Sengun,HOU,19,29,10,19,18.5,9.2,3.1,6.4,48.6,0.3,1.2,27.8,2.6,3.6,72.4,1.6,3.1,4.7,2.7,1.8,1.0,0.8,3.1,22.7,2,0,-2.0
179,Terence Davis,SAC,24,20,8,12,17.3,9.2,3.5,8.5,41.4,1.4,4.8,29.5,0.8,1.0,75.0,0.3,2.7,3.0,1.0,1.3,0.8,0.4,2.5,16.4,0,0,2.2
180,Chimezie Metu,SAC,24,18,7,11,23.5,9.1,3.4,8.5,39.9,1.1,4.1,25.7,1.3,1.7,74.2,0.9,5.6,6.6,0.9,1.2,0.9,0.9,1.5,22.6,3,0,-1.6
181,Bones Hyland,DEN,21,20,12,8,16.8,9.0,3.0,7.5,40.0,1.7,4.7,36.2,1.3,1.4,92.9,0.2,1.7,1.9,1.6,0.9,0.7,0.3,1.8,15.6,0,0,-0.8
181,Daniel Gafford,WAS,23,28,14,14,21.5,9.0,3.9,5.9,65.5,0.0,0.0,0.0,1.3,1.8,72.0,2.2,4.2,6.4,1.0,1.1,0.5,1.8,2.6,24.0,4,0,-3.8
181,Gary Harris,ORL,27,24,4,20,27.1,9.0,3.5,8.1,43.3,1.2,3.6,32.2,0.8,1.1,76.9,0.9,1.6,2.5,1.9,1.2,0.7,0.2,1.7,16.2,0,0,-6.1
184,Rudy Gay,UTA,35,15,11,4,19.2,8.9,3.1,7.1,43.4,1.8,4.7,38.0,1.0,1.4,71.4,0.7,4.1,4.9,1.0,0.9,0.5,0.2,1.5,17.4,0,0,5.1
185,Daniel Theis,HOU,29,20,3,17,22.9,8.9,3.4,6.9,49.6,0.9,3.0,30.0,1.2,1.6,74.2,1.2,4.1,5.2,0.8,1.3,0.5,0.7,2.5,18.3,2,0,-8.9
186,Patrick Beverley,MIN,33,22,12,10,26.5,8.7,3.3,7.3,44.7,1.2,3.8,32.1,1.0,1.4,70.0,1.2,3.2,4.5,4.7,1.1,0.9,0.9,3.0,25.5,1,0,3.7
187,Alex Caruso,CHI,27,25,17,8,28.9,8.7,2.9,6.5,44.8,1.1,3.1,36.4,1.8,2.1,83.0,1.0,2.9,3.8,4.0,1.6,2.1,0.4,2.6,25.3,1,0,4.7
188,Obi Toppin,NYK,23,26,12,14,15.9,8.7,3.4,6.4,53.0,0.3,1.8,19.6,1.6,2.0,78.8,1.2,2.7,3.9,0.9,0.9,0.3,0.6,1.5,16.7,1,0,3.6
189,Naz Reid,MIN,22,28,14,14,16.0,8.7,3.1,6.9,44.8,0.9,2.4,35.3,1.6,2.2,72.6,1.3,2.1,3.4,0.8,0.9,0.5,0.8,2.4,17.1,0,0,-4.2
190,David Duke Jr.,BKN,22,5,3,2,27.3,8.6,3.4,9.4,36.2,0.4,2.8,14.3,1.4,1.8,77.8,3.6,3.6,7.2,1.4,0.6,1.2,0.6,2.8,24.1,2,0,5.6
190,Kessler Edwards,BKN,21,5,3,2,25.4,8.6,3.6,8.0,45.0,1.4,3.4,41.2,0.0,0.0,0.0,1.8,3.2,5.0,1.2,1.2,0.6,0.6,1.2,18.8,1,0,-0.2
192,Darius Bazley,OKC,21,28,9,19,27.3,8.6,3.2,8.6,37.3,1.0,3.5,28.3,1.1,1.8,62.7,0.9,5.2,6.1,1.3,1.4,0.9,1.2,0.9,22.6,1,0,-8.0
193,Nassir Little,POR,21,27,12,15,23.7,8.5,3.0,6.4,47.7,0.9,3.0,30.0,1.5,2.0,75.9,1.4,4.0,5.4,1.1,1.0,0.7,0.8,2.1,20.2,1,0,-1.1
194,Robin Lopez,ORL,33,13,2,11,17.8,8.5,3.8,6.5,58.3,0.0,0.1,0.0,0.9,1.5,60.0,2.5,1.6,4.1,1.4,1.3,0.0,0.6,1.9,16.0,1,0,-3.3
195,Precious Achiuwa,TOR,22,22,12,10,26.3,8.4,3.6,8.9,40.3,0.4,1.3,28.6,0.9,1.6,52.8,2.2,5.9,8.1,1.5,1.1,0.5,0.5,2.5,22.5,4,0,0.3
196,Furkan Korkmaz,PHI,24,27,14,13,22.2,8.4,3.1,8.2,37.4,1.4,4.8,29.5,0.9,1.0,82.1,0.3,2.6,2.9,2.4,0.9,0.6,0.1,0.8,16.9,0,0,-1.3
196,Kyle Anderson,MEM,28,27,16,11,22.0,8.4,3.3,7.6,43.1,0.8,2.1,36.2,1.1,1.7,63.8,0.9,4.5,5.4,2.6,1.0,1.2,0.6,1.4,23.1,1,0,-2.5
198,T.J. McConnell,IND,29,24,9,15,24.2,8.4,3.8,7.5,50.3,0.3,1.0,28.0,0.5,0.6,80.0,0.8,2.5,3.3,4.8,1.2,1.0,0.4,1.8,22.6,1,0,-2.4
199,Landry Shamet,PHX,24,28,23,5,20.9,8.3,2.7,7.1,38.2,1.9,4.8,38.8,1.0,1.3,82.9,0.3,2.1,2.4,1.6,0.5,0.3,0.1,1.2,14.3,0,0,1.4
200,Draymond Green,GSW,31,28,23,5,30.3,8.2,3.3,5.9,54.8,0.3,1.0,27.6,1.4,2.3,60.0,1.2,6.8,7.9,7.3,3.0,1.3,1.0,2.8,32.6,2,0,6.0
201,Mike Muscala,OKC,30,22,8,14,14.0,8.1,2.6,5.6,46.3,1.6,3.7,43.2,1.4,1.6,83.3,0.5,2.7,3.2,0.5,0.5,0.3,0.5,1.1,14.8,0,0,0.1
202,Marvin Bagley III,SAC,22,13,5,8,19.6,8.1,3.2,6.6,47.7,0.6,2.2,28.6,1.2,1.8,65.2,2.2,4.5,6.7,0.6,0.5,0.2,0.3,1.2,17.9,3,0,-0.6
203,Gabe Vincent,MIA,25,28,16,12,20.1,8.1,2.9,6.6,44.3,1.5,4.0,37.5,0.7,1.0,74.1,0.4,1.4,1.8,2.7,1.5,0.8,0.2,2.2,15.7,0,0,2.5
204,Damion Lee,GSW,29,24,19,5,20.5,8.0,2.9,7.0,41.7,1.1,3.4,31.7,1.1,1.3,87.1,0.3,2.7,3.0,1.0,0.6,0.4,0.1,1.5,14.1,0,0,3.5
205,Brook Lopez,MIL,33,1,1,0,28.2,8.0,3.0,9.0,33.3,2.0,4.0,50.0,0.0,0.0,0.0,2.0,3.0,5.0,0.0,0.0,1.0,3.0,3.0,26.0,0,0,0.0
205,Bryn Forbes,SAS,28,28,10,18,14.6,8.0,2.9,6.2,46.8,1.4,3.1,43.2,0.9,1.0,88.9,0.1,1.0,1.1,0.7,0.9,0.4,0.1,0.8,10.9,0,0,-1.6
205,Goran Dragic,TOR,35,5,1,4,17.9,8.0,2.6,6.8,38.2,0.8,2.8,28.6,2.0,2.0,100,0.4,2.4,2.8,1.8,0.2,1.0,0.2,1.6,17.5,0,0,-4.4
208,Willy Hernangomez,NOP,27,17,7,10,14.0,7.9,3.2,5.1,63.2,0.1,0.1,100,1.4,1.9,71.9,2.3,4.3,6.6,1.4,0.9,0.4,0.3,1.9,18.9,3,0,-2.1
209,Raul Neto,WAS,29,30,15,15,20.2,7.9,3.2,7.0,45.2,0.4,1.7,25.0,1.2,1.6,72.9,0.2,1.9,2.1,2.6,1.2,0.8,0.0,1.6,15.6,0,0,0.5
210,Royce O'Neale,UTA,28,27,18,9,30.8,7.9,2.9,5.7,50.3,1.6,3.8,40.8,0.7,0.9,72.0,0.9,4.0,4.9,2.5,1.0,1.4,0.6,2.3,22.7,1,0,6.2
211,Isaiah Stewart,DET,20,27,5,22,25.8,7.9,3.4,6.2,54.2,0.1,0.5,15.4,1.1,1.6,69.0,2.6,5.7,8.3,1.1,1.2,0.4,1.1,2.8,22.8,3,0,-5.3
212,P.J. Tucker,MIA,36,31,18,13,28.3,7.9,3.0,6.0,50.5,1.3,2.8,45.5,0.5,0.7,76.2,1.7,3.9,5.6,2.1,0.9,0.7,0.3,2.4,19.9,2,0,1.0
213,Jordan Nwora,MIL,23,26,14,12,19.0,7.8,3.0,7.5,40.2,1.3,3.7,35.8,0.5,0.7,82.4,0.7,3.2,3.8,1.1,1.2,0.4,0.4,1.0,15.4,2,0,-1.8
214,Tyus Jones,MEM,25,31,19,12,21.4,7.8,3.0,6.5,46.0,1.0,2.5,40.8,0.8,0.9,88.9,0.3,2.4,2.6,4.2,0.8,0.9,0.1,0.4,19.4,0,0,1.6
215,Joe Ingles,UTA,34,29,20,9,24.8,7.8,2.7,6.1,44.6,2.0,4.9,40.1,0.3,0.4,76.9,0.4,2.6,3.0,3.4,1.1,0.5,0.1,1.8,17.4,0,0,5.4
216,Brandon Clarke,MEM,25,19,9,10,16.0,7.7,3.4,5.5,61.0,0.1,0.6,9.1,0.9,1.4,66.7,1.7,2.6,4.4,1.4,0.4,0.4,0.9,1.7,18.4,0,0,0.2
217,Markieff Morris,MIA,32,10,7,3,18.7,7.7,3.2,7.0,45.7,0.8,2.2,36.4,0.5,0.5,100,1.3,1.5,2.8,1.4,1.2,0.3,0.1,2.2,13.2,0,0,2.7
218,George Hill,MIL,35,26,16,10,26.4,7.7,2.8,6.2,45.6,0.9,2.8,31.5,1.2,1.3,93.9,0.9,2.5,3.4,2.5,1.2,0.8,0.1,1.6,17.2,0,0,7.7
219,Isaiah Hartenstein,LAC,23,29,16,13,16.4,7.7,3.2,4.9,66.2,0.1,0.1,66.7,1.1,1.7,65.3,1.8,2.9,4.7,1.9,1.0,0.8,1.3,2.6,21.4,1,0,2.9
220,Kenyon Martin Jr.,HOU,20,29,10,19,17.5,7.6,3.1,5.7,54.2,0.5,1.6,30.4,0.9,1.6,60.0,0.8,2.7,3.5,1.2,0.4,0.4,0.4,1.2,15.6,1,0,-0.3
221,Caleb Martin,MIA,26,23,13,10,19.6,7.6,2.9,5.9,48.9,0.9,2.3,37.7,1.0,1.6,63.9,0.8,2.3,3.2,1.0,0.6,0.9,0.6,1.5,16.6,0,0,2.0
222,Tre Mann,OKC,20,20,7,13,16.5,7.6,2.9,6.9,42.3,1.1,2.7,40.7,0.7,1.0,70.0,0.4,1.6,1.9,0.5,0.7,0.6,0.3,1.7,12.5,0,0,-2.7
223,Hamidou Diallo,DET,23,22,2,20,17.0,7.6,3.1,5.7,54.4,0.3,1.2,26.9,1.1,1.6,66.7,0.8,2.3,3.1,0.8,0.7,0.6,0.4,1.9,14.9,0,0,-1.1
224,Trey Lyles,DET,26,29,5,24,16.6,7.6,2.6,6.0,42.3,0.8,2.6,29.3,1.7,2.2,79.4,1.2,2.9,4.1,0.9,0.9,0.3,0.2,1.5,14.6,0,0,-2.9
225,Hassan Whiteside,UTA,32,27,18,9,15.4,7.5,3.0,5.0,60.4,0.0,0.0,0.0,1.5,2.1,71.4,2.2,4.4,6.6,0.3,1.0,0.2,1.3,2.9,19.4,4,0,3.0
226,Trey Burke,DAL,29,17,5,12,13.0,7.5,2.9,6.5,44.5,0.9,2.5,34.9,0.8,0.9,93.3,0.1,1.1,1.2,1.9,0.8,0.4,0.0,0.9,12.1,0,0,2.9
227,Grant Williams,BOS,23,28,14,14,22.1,7.5,2.5,4.9,51.1,1.5,3.4,45.3,0.9,1.1,86.7,0.6,2.8,3.4,1.0,0.6,0.4,0.6,2.0,15.4,0,0,-0.4
228,R.J. Hampton,ORL,20,29,5,24,18.5,7.4,2.6,6.4,39.8,1.0,2.5,41.7,1.3,2.2,60.3,0.3,2.5,2.8,2.3,1.5,0.5,0.1,1.4,14.6,0,0,-6.6
229,Otto Porter Jr.,GSW,28,25,21,4,19.5,7.4,2.6,5.9,44.9,1.6,4.0,39.4,0.6,0.8,78.9,0.7,4.0,4.8,1.0,0.6,0.8,0.3,1.3,17.3,1,0,4.9
230,Chris Boucher,TOR,28,27,14,13,15.9,7.4,2.8,6.5,43.2,0.6,2.6,21.4,1.2,1.7,73.3,1.6,3.0,4.6,0.3,0.6,0.4,0.9,1.6,16.7,1,0,1.4
231,Herbert Jones,NOP,23,28,10,18,27.4,7.3,2.9,6.2,47.1,0.4,1.1,33.3,1.1,1.4,75.0,1.2,2.3,3.5,1.9,1.1,1.4,0.9,3.0,19.8,0,0,0.8
232,Chuma Okeke,ORL,23,25,5,20,22.5,7.3,2.7,7.2,37.0,0.9,3.6,25.3,1.0,1.2,86.2,0.6,3.6,4.3,1.3,1.0,1.0,0.4,1.3,17.8,1,0,-6.1
233,Maxi Kleber,DAL,29,20,9,11,23.6,7.3,2.5,5.7,43.0,1.5,4.1,36.6,0.9,1.2,73.9,1.2,4.7,5.9,1.0,0.6,0.4,0.8,2.2,18.7,1,0,-1.0
234,Nic Claxton,BKN,22,11,8,3,18.6,7.2,3.2,4.8,66.0,0.0,0.0,0.0,0.8,1.5,52.9,1.3,3.3,4.5,0.5,0.7,0.4,0.9,2.2,16.4,0,0,0.5
235,Steven Adams,MEM,28,31,19,12,25.5,7.2,2.6,5.0,53.2,0.0,0.0,0.0,1.9,3.0,61.7,3.9,4.9,8.9,2.7,1.7,1.0,0.6,1.6,24.9,4,0,2.3
236,Danny Green,PHI,34,23,10,13,24.3,7.0,2.4,5.9,41.5,1.9,5.0,38.3,0.3,0.3,100,0.6,2.1,2.7,1.2,1.0,1.4,0.8,1.9,17.7,0,0,2.6
237,Sekou Doumbouya,LAL,20,2,0,2,8.2,7.0,2.5,4.0,62.5,0.5,1.0,50.0,1.5,2.0,75.0,1.0,2.0,3.0,0.0,1.0,1.5,1.0,0.5,17.1,0,0,12.0
238,Khem Birch,TOR,29,15,7,8,22.9,6.9,2.7,5.3,50.0,0.0,0.4,0.0,1.6,2.2,72.7,3.2,2.5,5.7,1.3,0.6,1.0,0.5,1.8,19.5,0,0,1.3
239,Jeremiah Robinson-Earl,OKC,21,28,9,19,21.7,6.9,2.6,6.3,41.2,1.0,3.2,32.6,0.7,1.0,70.4,1.6,4.1,5.7,0.8,0.9,0.5,0.3,1.6,16.3,2,0,-5.9
240,Mitchell Robinson,NYK,23,27,11,16,24.2,6.9,2.8,3.7,75.2,0.0,0.0,0.0,1.3,2.1,62.5,3.1,4.4,7.6,0.6,0.5,0.5,1.7,2.7,22.8,4,0,-2.7
241,Kenrich Williams,OKC,27,25,9,16,20.8,6.9,2.7,6.0,45.0,0.9,2.2,40.0,0.7,1.3,53.1,1.3,2.4,3.7,2.0,0.8,1.0,0.2,1.7,17.0,0,0,1.0
242,Bruce Brown,BKN,25,24,16,8,22.5,6.9,3.0,6.4,46.8,0.3,1.0,32.0,0.5,0.7,76.5,1.4,2.9,4.3,1.1,0.6,1.3,0.4,2.5,18.1,0,0,-1.9
243,Kelan Martin,IND,26,23,11,12,17.6,6.9,2.9,6.7,43.1,0.8,2.8,29.2,0.3,0.5,63.6,0.7,1.3,2.0,0.9,0.6,0.5,0.3,1.4,12.4,0,0,-1.0
243,Tristan Thompson,SAC,30,23,10,13,15.7,6.9,2.8,5.3,53.7,0.0,0.0,0.0,1.2,2.3,53.8,2.8,3.1,5.9,0.7,1.0,0.3,0.4,1.8,16.0,1,0,-1.4
245,Deni Avdija,WAS,20,31,16,15,21.7,6.8,2.5,5.6,44.6,0.8,2.6,32.5,0.9,1.3,70.0,0.8,4.1,4.9,1.3,0.7,0.7,0.7,2.1,18.2,1,0,1.7
246,Jeremy Lamb,IND,29,24,9,15,13.9,6.8,2.0,5.6,36.3,1.0,2.9,34.3,1.7,1.8,95.2,0.3,2.1,2.4,1.3,0.5,0.5,0.3,1.0,13.5,0,0,1.4
247,Blake Griffin,BKN,32,22,16,6,22.1,6.7,2.5,6.7,36.7,0.7,3.5,19.7,1.1,1.6,71.4,1.1,3.9,5.0,2.2,0.6,0.6,0.5,2.5,18.8,1,0,1.3
248,Nemanja Bjelica,GSW,33,30,24,6,14.7,6.7,2.4,5.2,47.1,1.0,2.5,40.5,0.8,1.2,67.6,0.9,2.9,3.8,1.7,1.1,0.6,0.3,1.5,15.6,1,0,3.1
248,Yuta Watanabe,TOR,27,10,6,4,19.5,6.7,2.2,5.9,37.3,1.4,3.9,35.9,0.9,1.7,52.9,0.9,3.1,4.0,1.1,0.3,0.6,0.7,1.5,16.8,1,0,1.3
250,Derrick Jones Jr.,CHI,24,23,15,8,17.9,6.7,2.5,4.4,57.4,0.3,1.1,30.8,1.3,1.6,83.3,1.3,2.1,3.4,0.5,0.5,0.5,0.9,2.3,15.3,0,0,0.9
250,Mason Plumlee,CHA,31,23,13,10,25.1,6.7,2.9,4.9,58.9,0.0,0.0,0.0,1.0,2.5,37.9,2.5,4.6,7.1,2.8,1.2,0.8,0.9,2.9,23.3,3,0,-2.4
252,Svi Mykhailiuk,TOR,24,29,14,15,17.8,6.7,2.4,5.9,41.5,1.1,3.3,32.0,0.7,0.8,87.5,0.6,2.0,2.6,1.1,0.8,0.7,0.1,1.4,13.0,0,0,-1.7
253,Ben McLemore,POR,28,16,6,10,13.0,6.7,2.3,4.9,46.2,1.8,4.1,43.9,0.4,0.4,85.7,0.3,0.8,1.1,0.6,0.6,0.4,0.0,0.9,9.4,0,0,-3.0
254,Dewayne Dedmon,MIA,32,31,18,13,17.5,6.7,2.6,4.5,58.2,0.4,0.6,61.1,1.0,1.4,76.2,1.8,4.4,6.2,0.9,0.9,0.4,0.4,2.3,17.0,3,0,2.9
254,Robert Covington,POR,31,31,13,18,27.6,6.7,2.5,6.4,39.4,1.5,4.6,33.6,0.1,0.1,100,0.6,4.4,5.0,1.2,1.0,1.2,1.2,2.4,20.8,0,0,-1.7
256,Wayne Ellington,LAL,34,23,11,12,21.4,6.7,2.2,5.7,38.9,2.0,5.3,38.5,0.2,0.2,80.0,0.2,1.4,1.7,0.8,0.5,0.6,0.1,1.1,11.3,0,0,-0.2
257,Armoni Brooks,HOU,23,25,9,16,15.9,6.6,2.2,6.0,37.3,1.6,4.9,33.3,0.5,0.6,86.7,0.3,1.6,1.9,1.3,0.5,0.6,0.2,1.4,12.7,0,0,0.9
258,Lou Williams,ATL,35,24,12,12,13.6,6.6,2.5,6.3,39.3,0.6,1.8,34.1,1.1,1.3,81.3,0.3,1.2,1.5,1.3,1.0,0.6,0.1,0.9,11.5,0,0,-1.0
259,Patrick Williams,CHI,20,5,4,1,24.9,6.6,2.6,4.6,56.5,0.6,1.2,50.0,0.8,0.8,100,0.2,2.0,2.2,0.6,0.4,0.6,0.4,1.8,12.7,0,0,2.4
260,Jaden McDaniels,MIN,21,27,14,13,25.1,6.6,2.6,6.7,39.4,0.9,3.1,28.6,0.4,0.6,68.8,1.3,3.0,4.3,0.8,0.9,0.9,0.5,3.6,16.2,0,0,-1.1
261,Gary Payton II,GSW,29,29,23,6,14.2,6.6,2.7,4.0,65.8,0.6,1.5,39.5,0.7,1.1,61.3,1.0,2.1,3.1,0.7,0.5,1.2,0.2,1.6,15.1,0,0,5.0
262,Ty Jerome,OKC,24,22,7,15,13.6,6.5,2.3,5.7,39.7,0.9,3.2,28.2,1.1,1.3,82.8,0.3,0.8,1.0,1.2,0.6,0.6,0.1,1.3,11.3,0,0,-0.7
263,Hassani Gravett,ORL,25,2,1,1,24.4,6.5,2.0,5.0,40.0,1.5,4.0,37.5,1.0,1.0,100,0.5,3.0,3.5,3.0,1.5,1.0,0.0,2.5,16.7,0,0,-2.5
264,Isaiah Roby,OKC,23,13,1,12,12.6,6.4,2.5,4.8,51.6,0.4,1.2,33.3,1.1,1.3,82.4,1.1,1.6,2.7,0.8,0.7,0.2,0.4,1.2,11.9,0,0,-2.2
265,Josh Jackson,DET,24,24,3,21,17.8,6.4,2.3,5.9,39.7,0.8,2.7,28.1,1.0,1.4,69.7,0.5,2.6,3.1,1.5,1.0,0.4,0.4,1.7,13.8,0,0,-4.5
265,Killian Hayes,DET,20,24,5,19,25.9,6.4,2.3,6.6,34.0,0.9,2.9,31.9,1.0,1.0,92.0,0.5,2.8,3.3,3.7,1.5,1.1,0.5,2.6,19.1,1,0,-6.5
267,Larry Nance Jr.,POR,28,31,13,18,21.9,6.3,2.5,4.9,52.0,0.4,1.5,27.1,0.8,1.3,60.0,1.5,4.1,5.6,1.7,0.8,0.9,0.4,1.6,18.7,0,0,0.4
268,Cory Joseph,DET,30,25,5,20,21.1,6.3,2.2,5.1,42.5,0.5,1.7,27.9,1.5,1.8,82.2,0.3,1.6,1.9,3.5,1.4,0.8,0.2,1.5,15.4,0,0,-3.2
269,Moritz Wagner,ORL,24,26,5,21,11.7,6.3,2.0,4.5,44.9,1.0,2.8,37.0,1.2,1.5,76.9,0.5,2.0,2.5,0.8,0.8,0.2,0.2,1.8,10.7,0,0,-1.8
270,Zeke Nnaji,DEN,20,17,10,7,14.9,6.2,2.1,4.3,47.9,1.1,2.2,51.4,1.0,1.5,68.0,1.0,2.2,3.2,0.5,0.4,0.2,0.4,1.6,12.2,0,0,-0.1
271,Thaddeus Young,SAS,33,22,8,14,14.1,6.2,2.9,5.1,56.6,0.0,0.1,0.0,0.4,0.8,44.4,1.5,1.9,3.4,2.5,1.0,0.9,0.3,1.4,16.5,0,0,0.6
272,Facundo Campazzo,DEN,30,28,14,14,20.3,6.2,2.1,5.1,40.3,1.2,3.3,35.9,0.9,1.0,85.7,0.4,1.5,1.9,3.3,1.0,1.0,0.3,1.9,16.3,0,0,-6.5
273,Alex Len,SAC,28,21,9,12,17.0,6.1,2.4,4.5,52.6,0.3,0.7,40.0,1.1,1.7,63.9,1.2,3.0,4.2,1.0,1.1,0.2,1.0,3.0,15.3,0,0,-2.6
274,Jarred Vanderbilt,MIN,22,29,14,15,24.8,6.1,2.6,4.5,56.5,0.1,0.3,22.2,0.9,1.3,73.0,3.1,5.4,8.6,1.2,1.1,1.5,0.8,2.8,24.0,3,0,3.9
275,Cam Thomas,BKN,20,23,14,9,15.5,6.1,2.4,6.3,38.2,0.6,2.5,22.8,0.7,0.9,81.0,0.2,1.9,2.0,1.2,0.5,0.4,0.2,0.5,11.5,0,0,-1.5
276,Andre Drummond,PHI,28,29,14,15,19.7,6.0,2.5,4.9,50.3,0.0,0.0,0.0,1.1,1.9,56.4,3.0,6.4,9.3,1.9,1.7,1.0,1.1,2.5,24.8,4,0,-1.0
277,Kevon Looney,GSW,25,30,24,6,18.8,6.0,2.5,4.6,54.7,0.0,0.0,0.0,1.0,1.8,58.5,2.4,4.1,6.4,1.3,0.7,0.5,0.8,2.5,18.7,1,0,2.1
278,Aaron Holiday,WAS,25,30,15,15,16.1,6.0,2.4,5.2,47.1,0.5,1.4,34.9,0.6,0.8,79.2,0.1,1.5,1.6,1.7,1.0,0.5,0.3,1.6,12.0,0,0,-1.7
278,Ayo Dosunmu,CHI,21,25,16,9,17.9,6.0,2.4,4.8,50.4,0.7,1.6,41.5,0.4,0.8,57.9,0.5,1.6,2.1,1.2,0.8,0.4,0.2,1.5,11.2,0,0,-1.6
278,BJ Johnson,ORL,25,2,1,1,20.2,6.0,2.5,6.5,38.5,1.0,3.0,33.3,0.0,0.0,0.0,2.0,2.5,4.5,0.0,0.0,0.0,0.5,2.0,12.9,0,0,-9.5
278,Coby White,CHI,21,10,6,4,18.2,6.0,2.4,7.0,34.3,0.7,3.5,20.0,0.5,0.9,55.6,0.1,2.3,2.4,1.4,0.9,0.2,0.1,1.7,11.0,0,0,0.8
278,Louis King,SAC,22,4,1,3,13.1,6.0,1.8,5.5,31.8,1.0,3.5,28.6,1.5,1.8,85.7,0.0,1.8,1.8,0.3,0.0,0.5,0.0,1.8,10.0,0,0,-2.5
283,Jalen McDaniels,CHA,23,25,13,12,16.3,6.0,2.1,4.0,51.5,0.9,2.2,41.8,0.9,1.4,64.7,0.7,2.9,3.6,1.0,0.6,0.4,0.3,1.7,13.4,1,0,1.6
284,Kira Lewis Jr.,NOP,20,24,6,18,14.2,5.9,2.5,6.1,40.4,0.5,2.4,22.4,0.4,0.5,83.3,0.4,1.3,1.6,2.0,1.1,0.5,0.0,0.7,11.3,0,0,-4.5
285,Avery Bradley,LAL,31,26,14,12,23.0,5.8,2.2,5.5,40.6,1.3,3.3,40.0,0.1,0.1,100,0.5,2.1,2.5,0.8,0.5,0.8,0.2,1.6,12.7,0,0,-2.4
286,Austin Reaves,LAL,23,17,12,5,19.7,5.8,2.0,4.0,50.0,0.9,2.4,39.0,0.9,1.0,88.2,0.3,2.2,2.5,1.1,0.7,0.2,0.1,1.7,10.7,0,0,4.2
287,DeMarcus Cousins,MIL,31,9,5,4,14.4,5.8,1.9,5.1,37.0,0.6,2.6,21.7,1.4,1.7,86.7,1.4,3.7,5.1,1.1,1.3,1.1,0.2,2.7,16.2,1,0,2.0
288,Josh Christopher,HOU,20,22,8,14,12.8,5.8,2.2,4.4,49.5,0.7,1.6,45.7,0.7,1.0,71.4,0.5,1.0,1.4,1.5,1.2,0.7,0.0,1.0,10.7,0,0,-1.0
289,Dennis Smith Jr.,POR,24,16,6,10,17.4,5.8,2.1,5.0,42.5,0.3,1.1,27.8,1.2,1.7,70.4,0.4,1.9,2.3,3.1,1.8,1.3,0.4,1.4,16.5,0,0,-4.3
290,Davis Bertans,WAS,29,21,10,11,15.8,5.7,1.7,5.1,33.3,1.2,4.1,29.9,1.0,1.1,91.3,0.1,1.6,1.8,0.5,0.4,0.4,0.1,1.7,9.7,0,0,-2.1
291,Derrick Favors,OKC,30,22,9,13,16.5,5.6,2.5,5.0,50.9,0.1,0.4,22.2,0.5,0.8,55.6,1.4,3.6,5.0,0.6,0.3,0.5,0.2,1.4,14.2,1,0,-4.8
292,Reggie Bullock,DAL,30,27,13,14,23.9,5.6,2.1,5.9,35.4,1.2,4.3,27.4,0.3,0.4,72.7,0.2,2.5,2.7,0.9,0.6,0.3,0.1,1.4,10.8,0,0,0.0
293,Jaxson Hayes,NOP,21,20,4,16,11.7,5.6,2.0,4.0,50.6,0.2,0.6,36.4,1.4,1.9,75.7,1.3,2.0,3.2,0.3,0.7,0.3,0.6,1.6,11.7,0,0,-2.6
294,DeAndre' Bembry,BKN,27,26,18,8,19.6,5.6,2.4,4.3,56.8,0.3,0.8,40.9,0.4,0.8,47.6,0.7,2.5,3.3,1.1,0.7,0.9,0.5,2.3,14.6,0,0,-0.3
295,Javonte Green,CHI,28,24,16,8,21.2,5.5,2.1,4.4,48.1,0.5,1.2,39.3,0.8,1.1,76.9,1.7,2.7,4.3,0.8,0.7,0.8,0.4,2.0,15.0,0,0,1.7
296,Dwight Powell,DAL,30,29,14,15,19.2,5.5,2.1,3.7,57.5,0.2,0.7,35.0,1.0,1.5,69.8,1.9,2.5,4.4,1.1,0.7,0.4,0.5,2.4,14.4,0,0,-3.2
297,Matisse Thybulle,PHI,24,23,13,10,24.1,5.5,2.2,4.8,46.4,0.7,2.5,29.8,0.3,0.3,87.5,0.5,1.7,2.1,1.0,0.9,1.7,1.1,2.0,17.2,0,0,-1.3
298,Brandon Boston Jr.,LAC,20,17,10,7,12.2,5.4,1.8,4.6,39.2,0.7,2.1,34.3,1.1,1.2,85.7,0.1,1.4,1.5,0.4,0.7,0.6,0.2,0.9,9.6,0,0,-0.9
299,JaMychal Green,DEN,31,25,12,13,14.4,5.4,2.1,5.1,40.9,0.5,2.4,22.0,0.7,0.9,78.3,0.9,2.4,3.3,0.8,1.0,0.8,0.5,2.2,13.6,0,0,-5.6
300,P.J. Dozier,DEN,25,18,9,9,18.9,5.4,2.0,5.5,36.4,0.8,2.7,31.3,0.6,0.7,76.9,0.8,2.7,3.5,1.6,0.7,0.6,0.3,1.8,14.1,0,0,-5.0
301,Garrett Temple,NOP,35,29,10,19,18.3,5.3,1.8,4.7,38.2,1.1,2.9,36.5,0.7,0.8,79.2,0.7,2.1,2.9,1.1,0.9,0.9,0.5,1.7,13.7,0,0,-7.3
302,Oshae Brissett,IND,23,20,8,12,15.7,5.3,2.2,4.6,47.3,0.9,2.3,37.0,0.2,0.6,27.3,0.8,2.4,3.2,0.6,0.8,0.6,0.2,1.3,11.5,0,0,-0.3
303,Dean Wade,CLE,25,21,12,9,20.6,5.3,2.0,4.4,44.1,1.1,3.0,36.5,0.3,0.4,75.0,0.7,2.7,3.4,1.2,0.3,0.6,0.0,1.7,12.8,1,0,-0.4
303,Drew Eubanks,SAS,24,28,10,18,13.8,5.3,1.9,3.8,50.9,0.0,0.2,20.0,1.4,1.8,79.6,1.2,3.2,4.4,1.3,1.3,0.4,0.8,1.5,14.8,1,0,-1.5
303,Saben Lee,DET,22,14,1,13,14.9,5.3,1.9,4.9,37.7,0.5,2.1,24.1,1.1,1.5,71.4,0.3,2.0,2.3,2.1,0.9,1.1,0.2,1.0,14.4,0,0,0.4
306,Cody Zeller,POR,29,24,11,13,13.3,5.1,1.8,3.2,56.6,0.0,0.2,0.0,1.5,2.0,76.6,1.8,2.8,4.6,0.8,0.7,0.3,0.3,2.1,12.8,0,0,-1.4
307,D.J. Augustin,HOU,34,26,8,18,14.5,5.1,1.6,3.7,42.7,1.1,2.5,43.1,0.8,1.0,88.0,0.2,0.9,1.0,2.5,1.3,0.3,0.0,0.6,9.7,0,0,-2.0
308,Aleem Ford,ORL,23,2,1,1,12.3,5.0,2.0,4.5,44.4,1.0,3.5,28.6,0.0,0.0,0.0,0.5,0.5,1.0,0.0,1.0,0.5,0.0,0.0,6.7,0,0,-5.0
308,Torrey Craig,IND,31,28,12,16,14.7,5.0,1.9,4.0,48.6,0.5,1.9,27.8,0.6,0.8,77.3,1.1,2.0,3.1,0.8,0.6,0.4,0.3,1.5,11.3,1,0,-2.0
308,Xavier Tillman,MEM,22,24,15,9,14.6,5.0,1.9,4.3,43.7,0.3,1.2,21.4,1.0,1.5,66.7,1.3,2.1,3.4,1.4,0.8,1.2,0.5,1.4,15.4,0,0,0.2
311,Dwight Howard,LAL,36,25,12,13,15.1,5.0,1.8,2.9,62.5,0.2,0.3,75.0,1.1,1.8,60.9,1.6,3.8,5.4,0.5,0.9,0.8,0.7,1.8,15.8,1,0,0.9
312,Boban Marjanovic,DAL,33,14,7,7,6.0,4.9,2.2,3.4,64.6,0.1,0.2,33.3,0.4,0.9,46.2,0.4,1.5,1.9,0.1,0.6,0.0,0.1,1.1,7.2,0,0,1.9
313,Ish Smith,CHA,33,20,10,10,14.1,4.9,2.3,5.4,41.7,0.2,0.5,40.0,0.2,0.4,37.5,0.2,1.2,1.3,2.5,1.0,0.5,0.3,1.0,11.3,0,0,-2.8
314,James Johnson,BKN,34,18,13,5,18.2,4.8,2.1,4.4,48.1,0.3,0.9,31.3,0.3,0.8,42.9,0.9,3.0,3.9,1.9,0.6,0.5,0.4,2.4,14.5,1,0,3.9
315,Romeo Langford,BOS,22,23,10,13,17.8,4.8,1.8,4.4,41.2,0.7,1.9,37.2,0.5,0.7,73.3,1.0,2.2,3.1,0.6,0.5,0.4,0.2,1.3,10.6,0,0,-1.5
316,Danuel House Jr.,HOU,28,16,7,9,14.5,4.8,1.6,4.6,33.8,0.6,2.1,29.4,1.1,1.2,89.5,0.3,2.4,2.7,1.2,1.1,0.3,0.3,1.0,10.6,0,0,-1.3
317,Ziaire Williams,MEM,20,19,10,9,17.8,4.7,1.8,5.2,35.4,0.8,3.4,24.6,0.2,0.3,66.7,0.3,1.2,1.5,0.6,0.6,0.4,0.3,1.7,9.1,0,0,-3.2
318,Juan Toscano-Anderson,GSW,28,29,24,5,16.2,4.7,1.9,3.7,50.9,0.3,1.2,25.0,0.6,1.0,64.3,0.6,2.3,3.0,2.1,1.2,0.6,0.4,1.4,13.3,0,0,3.0
319,Aleksej Pokusevski,OKC,19,27,9,18,14.6,4.7,2.0,5.6,35.1,0.5,2.5,20.9,0.3,0.5,50.0,1.1,3.3,4.3,1.2,1.1,0.5,0.5,1.2,13.4,0,0,-2.0
320,DeAndre Jordan,LAL,33,25,14,11,13.4,4.6,2.2,3.2,68.4,0.0,0.0,0.0,0.3,0.5,61.5,1.6,4.2,5.7,0.3,0.8,0.3,0.9,1.8,14.9,0,0,-2.6
321,Taurean Prince,MIN,27,24,11,13,15.4,4.6,1.5,4.2,36.6,0.9,2.8,30.9,0.7,0.9,76.2,0.5,1.6,2.1,0.8,0.5,0.4,0.2,1.5,9.6,0,0,-4.7
322,Jabari Parker,BOS,26,9,3,6,9.3,4.6,1.6,3.0,51.9,0.6,1.0,55.6,0.9,0.9,100,0.4,1.8,2.2,0.4,0.6,0.3,0.1,1.2,8.7,0,0,-0.9
323,David Nwaba,HOU,28,22,4,18,11.8,4.5,1.8,3.6,48.8,0.2,1.0,19.0,0.8,1.2,63.0,0.8,2.5,3.3,0.6,0.5,0.6,0.3,1.2,11.5,0,0,-1.0
323,Jaylen Nowell,MIN,22,16,10,6,8.3,4.5,1.9,4.4,42.9,0.5,1.3,40.0,0.3,0.4,66.7,0.2,1.0,1.2,1.2,0.2,0.3,0.3,0.5,9.2,0,0,-0.7
325,Damian Jones,SAC,26,15,6,9,9.6,4.4,1.6,2.6,61.5,0.2,0.3,75.0,1.0,1.4,71.4,1.2,1.9,3.1,0.6,0.5,0.1,0.4,1.3,9.9,0,0,0.2
325,Jonathan Kuminga,GSW,19,20,16,4,8.5,4.4,1.7,3.5,49.3,0.3,1.2,26.1,0.7,1.2,60.9,0.4,1.1,1.5,0.4,0.8,0.4,0.1,1.0,7.3,0,0,1.2
327,Kent Bazemore,LAL,32,21,11,10,18.7,4.3,1.5,4.5,33.7,0.8,2.4,34.0,0.5,0.6,76.9,0.3,1.8,2.1,0.9,0.4,0.9,0.2,2.3,11.3,0,0,-4.3
327,Troy Brown Jr.,CHI,22,18,13,5,12.8,4.3,1.7,4.1,41.1,0.4,1.7,26.7,0.6,0.8,71.4,0.4,2.1,2.5,0.8,0.4,0.3,0.1,0.8,9.4,0,0,-1.9
329,Markus Howard,DEN,22,16,7,9,7.2,4.3,1.4,3.9,35.5,1.1,2.9,39.1,0.4,0.5,87.5,0.0,0.3,0.3,0.3,0.4,0.4,0.0,0.7,5.9,0,0,-0.4
330,Serge Ibaka,LAC,32,11,6,5,14.0,4.3,1.5,4.3,36.2,0.7,1.8,40.0,0.5,0.7,62.5,1.1,2.0,3.1,1.2,0.5,0.2,0.3,1.9,10.6,0,0,-0.5
331,Austin Rivers,DEN,29,19,11,8,17.5,4.3,1.7,4.6,36.8,0.7,2.7,26.9,0.2,0.3,50.0,0.4,1.1,1.5,0.8,0.5,0.5,0.1,1.2,8.5,0,0,-2.3
332,Jarrett Culver,MEM,22,12,8,4,8.6,4.3,1.8,3.5,52.4,0.3,1.0,25.0,0.3,0.7,50.0,0.2,1.3,1.4,1.2,0.3,0.5,0.1,0.4,9.2,0,0,2.7
333,Trey Murphy III,NOP,21,29,9,20,13.4,4.2,1.4,3.9,36.0,1.1,2.9,36.9,0.3,0.4,83.3,0.6,1.5,2.1,0.6,0.3,0.3,0.1,1.1,8.7,0,0,-2.0
334,Enes Freedom,BOS,29,19,9,10,11.7,4.2,1.7,3.5,47.8,0.1,0.2,33.3,0.8,0.9,83.3,2.2,3.2,5.4,0.2,0.6,0.2,0.5,1.1,12.4,1,0,3.1
335,John Konchar,MEM,25,29,19,10,15.7,4.2,1.7,3.0,54.5,0.6,1.3,47.4,0.3,0.6,50.0,1.0,2.6,3.6,1.2,0.5,0.7,0.2,1.1,12.6,0,0,0.5
336,Sam Merrill,MEM,25,6,2,4,9.6,4.2,1.3,4.0,33.3,1.2,3.8,30.4,0.3,0.7,50.0,0.2,1.0,1.2,0.7,0.3,0.0,0.0,0.5,6.2,0,0,-1.5
337,Dalano Banton,TOR,22,27,13,14,12.7,4.1,1.6,3.6,45.8,0.2,0.7,30.0,0.7,0.9,75.0,0.7,1.7,2.3,1.8,1.0,0.4,0.2,1.4,10.4,0,0,-0.3
338,Kevin Knox II,NYK,22,8,2,6,8.9,4.1,1.3,3.3,38.5,1.0,2.4,42.1,0.6,1.0,62.5,0.6,1.1,1.8,0.4,0.3,0.3,0.0,0.3,7.3,0,0,-3.1
339,Andre Iguodala,GSW,37,15,12,3,19.9,4.1,1.6,4.1,39.3,0.5,2.5,18.9,0.4,0.5,75.0,0.7,2.8,3.5,3.7,0.7,0.7,0.8,0.9,17.8,0,0,7.2
340,Luka Garza,DET,22,17,1,16,9.4,4.1,1.5,3.2,45.5,0.4,1.2,35.0,0.7,1.1,66.7,1.1,1.0,2.1,0.4,0.5,0.4,0.1,1.6,8.0,0,0,-3.5
341,Frank Ntilikina,DAL,23,21,10,11,11.9,4.0,1.4,4.0,34.9,0.7,2.1,33.3,0.6,0.6,100,0.1,1.4,1.5,1.2,0.5,0.6,0.1,1.0,9.4,0,0,2.2
342,Alfonzo McKinnie,CHI,29,2,1,1,23.1,4.0,1.5,5.0,30.0,1.0,3.0,33.3,0.0,1.0,0.0,0.5,0.5,1.0,1.0,1.0,0.5,0.5,2.5,8.7,0,0,-17.0
342,James Bouknight,CHA,21,14,7,7,8.2,4.0,1.4,3.8,35.8,0.7,1.6,45.5,0.6,0.7,80.0,0.9,0.8,1.6,0.5,0.4,0.1,0.0,0.6,6.6,0,0,-2.9
342,Shaquille Harrison,BKN,28,1,0,1,21.3,4.0,2.0,6.0,33.3,0.0,2.0,0.0,0.0,0.0,0.0,1.0,3.0,4.0,3.0,2.0,1.0,1.0,3.0,17.3,0,0,-7.0
345,Timothe Luwawu-Cabarrot,ATL,26,22,12,10,12.6,4.0,1.3,3.6,36.7,0.9,2.4,36.5,0.5,0.5,90.9,0.2,1.2,1.4,0.6,0.3,0.3,0.1,1.3,7.7,0,0,-1.4
346,Corey Kispert,WAS,22,26,12,14,13.1,3.9,1.5,3.6,40.9,0.5,2.0,26.4,0.5,0.7,70.6,0.4,1.4,1.8,0.6,0.3,0.3,0.2,0.5,8.0,0,0,1.9
347,Keita Bates-Diop,SAS,25,22,8,14,14.3,3.9,1.6,3.3,47.9,0.2,0.7,25.0,0.5,0.8,66.7,0.9,2.6,3.5,0.5,0.8,0.5,0.4,0.9,10.5,0,0,2.5
348,Tre Jones,SAS,21,27,11,16,11.1,3.9,1.6,3.3,48.9,0.0,0.3,12.5,0.6,0.6,100,0.3,1.3,1.6,1.9,0.6,0.3,0.0,0.8,9.0,0,0,0.3
349,Charles Bassey,PHI,21,12,4,8,9.0,3.8,1.7,2.5,66.7,0.0,0.3,0.0,0.5,0.8,66.7,1.0,2.3,3.3,0.2,0.3,0.2,1.0,1.4,11.2,1,0,-2.1
350,Jalen Smith,PHX,21,10,8,2,8.5,3.8,1.3,3.1,41.9,0.1,1.1,9.1,1.1,1.3,84.6,1.0,2.1,3.1,0.2,0.4,0.2,0.4,0.9,9.2,0,0,0.8
351,Brad Wanamaker,IND,32,19,8,11,13.0,3.8,1.3,3.4,38.5,0.2,0.8,25.0,0.9,1.1,90.0,0.3,1.4,1.7,2.2,0.9,0.2,0.3,2.0,9.8,0,0,-1.4
352,Maurice Harkless,SAC,28,21,9,12,19.6,3.7,1.4,3.7,39.0,0.5,2.2,21.7,0.4,0.6,66.7,0.1,2.3,2.4,0.5,0.5,0.5,0.5,1.7,9.9,0,0,0.0
353,Elfrid Payton,PHX,27,15,11,4,12.6,3.7,1.6,4.1,39.3,0.1,0.3,20.0,0.4,0.7,54.5,0.7,1.4,2.1,2.3,1.3,0.3,0.1,1.0,9.8,0,0,0.1
353,Mychal Mulder,ORL,27,15,2,13,13.0,3.7,1.3,4.5,29.9,0.9,3.1,28.3,0.1,0.1,100,0.1,1.3,1.4,0.2,0.5,0.3,0.1,0.8,6.1,0,0,-3.6
353,Rodney Hood,MIL,29,24,14,10,15.8,3.7,1.3,3.5,35.7,0.7,2.2,30.8,0.5,0.5,100,0.4,1.6,2.0,0.8,0.2,0.3,0.0,0.9,8.3,0,0,-1.5
356,Thanasis Antetokounmpo,MIL,29,23,12,11,13.3,3.7,1.5,3.2,47.9,0.0,0.3,12.5,0.6,1.0,59.1,1.1,2.0,3.1,0.8,0.7,0.5,0.2,1.8,10.2,0,0,-3.2
357,Sandro Mamukelashvili,MIL,22,17,10,7,11.6,3.6,1.4,3.2,44.4,0.6,1.6,40.7,0.2,0.3,60.0,1.1,1.2,2.3,0.6,0.4,0.2,0.2,0.7,8.1,0,0,-4.2
358,Quentin Grimes,NYK,21,14,6,8,8.5,3.6,1.2,2.7,44.7,1.1,2.3,46.9,0.1,0.1,100,0.1,0.8,0.9,0.4,0.6,0.2,0.1,0.7,5.7,0,0,-0.8
359,Santi Aldama,MEM,20,16,9,7,9.7,3.6,1.5,4.1,36.4,0.2,1.7,11.1,0.4,0.8,58.3,1.0,1.6,2.6,0.8,0.3,0.1,0.2,1.1,8.5,1,0,2.4
360,Nerlens Noel,NYK,27,16,6,10,23.1,3.6,1.4,2.7,51.2,0.0,0.1,0.0,0.8,1.0,81.3,2.3,3.8,6.0,0.8,0.9,1.1,1.4,2.6,18.5,0,0,-1.1
361,Nick Richards,CHA,24,25,12,13,9.0,3.6,1.5,2.1,69.8,0.0,0.0,0.0,0.6,0.7,83.3,0.8,1.1,2.0,0.3,0.5,0.2,0.6,1.4,8.5,0,0,-2.9
362,Isaiah Joe,PHI,22,18,8,10,10.8,3.6,1.2,3.5,33.3,0.8,2.5,33.3,0.4,0.4,100,0.1,1.1,1.2,0.8,0.4,0.2,0.1,0.7,6.5,0,0,-2.8
363,Killian Tillie,MEM,23,17,10,7,10.5,3.5,1.3,3.3,39.3,0.8,2.2,36.8,0.1,0.2,50.0,0.5,0.7,1.2,0.4,0.3,0.5,0.5,1.5,8.3,0,0,0.8
364,Admiral Schofield,ORL,24,2,1,1,11.0,3.5,1.5,2.5,60.0,0.5,0.5,100,0.0,0.0,0.0,0.0,0.0,0.0,1.0,0.0,0.0,0.0,0.5,5.0,0,0,-1.0
364,Langston Galloway,BKN,30,2,1,1,15.8,3.5,1.5,3.5,42.9,0.5,2.0,25.0,0.0,0.0,0.0,0.5,2.0,2.5,1.5,1.0,0.0,0.0,0.0,7.8,0,0,2.0
364,Tony Bradley,CHI,23,22,13,9,12.5,3.5,1.6,3.0,55.4,0.0,0.0,0.0,0.2,0.3,71.4,1.5,2.9,4.4,0.5,0.7,0.2,0.5,1.3,11.0,0,0,2.9
364,Vernon Carey Jr.,CHA,20,2,2,0,5.9,3.5,1.5,3.0,50.0,0.0,0.0,0.0,0.5,0.5,100,1.0,0.5,1.5,0.0,0.5,0.5,0.0,0.5,6.3,0,0,-9.0
368,Naji Marshall,NOP,23,19,5,14,11.0,3.5,1.0,3.2,31.1,0.2,1.3,12.5,1.3,1.5,86.2,0.7,2.1,2.8,1.1,1.0,0.4,0.2,1.1,9.2,0,0,-2.5
369,Moses Brown,DAL,22,15,7,8,6.5,3.5,1.0,1.7,57.7,0.0,0.0,0.0,1.5,2.1,71.0,0.7,1.3,2.1,0.0,0.4,0.2,0.4,1.0,7.3,0,0,0.9
370,Javonte Smart,MIL,22,9,5,4,15.6,3.4,1.2,4.2,28.9,0.4,1.9,23.5,0.6,0.7,83.3,0.4,1.6,2.0,1.1,0.8,0.3,0.2,1.0,8.4,0,0,-3.3
371,Rajon Rondo,LAL,35,16,5,11,15.9,3.4,1.4,4.3,33.8,0.5,1.8,28.6,0.1,0.1,50.0,0.6,2.1,2.6,3.9,1.9,0.8,0.3,1.5,13.5,0,0,-2.1
372,Paul Millsap,BKN,36,21,14,7,11.2,3.4,1.3,3.6,35.5,0.3,1.2,24.0,0.6,0.8,70.6,1.2,2.5,3.7,1.0,0.5,0.2,0.3,2.1,10.6,0,0,0.3
373,Jay Scrubb,LAC,21,8,3,5,6.6,3.4,1.4,3.5,39.3,0.5,1.8,28.6,0.1,0.3,50.0,0.0,0.5,0.5,0.5,0.4,0.3,0.3,0.4,5.9,0,0,0.5
374,Eric Paschall,UTA,25,23,18,5,10.6,3.3,1.1,2.7,41.9,0.5,1.7,30.0,0.6,0.8,68.4,0.6,1.2,1.8,0.6,0.5,0.1,0.1,0.7,6.7,0,0,0.3
375,Omer Yurtseven,MIA,23,22,13,9,8.3,3.3,1.3,2.8,47.5,0.0,0.2,0.0,0.7,1.1,62.5,0.8,2.1,3.0,0.5,0.5,0.1,0.5,0.9,8.8,0,0,-0.3
376,Malachi Flynn,TOR,23,21,11,10,8.6,3.2,1.3,3.3,39.1,0.5,1.6,30.3,0.2,0.3,57.1,0.2,0.9,1.1,0.9,0.3,0.5,0.1,1.0,7.3,0,0,-1.8
377,Devon Dotson,CHI,22,5,2,3,9.6,3.2,1.0,2.4,41.7,0.2,1.0,20.0,1.0,1.6,62.5,0.2,1.0,1.2,0.8,0.2,0.0,0.0,1.0,5.6,0,0,-5.6
378,Aaron Wiggins,OKC,22,11,2,9,15.5,3.2,1.1,2.3,48.0,0.6,1.8,35.0,0.4,0.6,57.1,0.3,1.5,1.7,1.0,0.7,0.4,0.2,1.7,7.7,0,0,-1.9
379,Davon Reed,DEN,26,6,4,2,16.5,3.2,1.2,3.2,36.8,0.5,1.3,37.5,0.3,0.3,100,0.3,3.5,3.8,1.3,0.3,1.5,0.2,1.2,14.4,0,0,-1.2
379,Semi Ojeleye,MIL,27,12,5,7,19.7,3.2,1.1,4.5,24.1,0.6,2.7,21.9,0.4,0.6,71.4,1.8,2.1,3.9,0.3,0.4,0.3,0.4,1.5,10.2,0,0,-7.2
381,JT Thor,CHA,19,7,4,3,13.6,3.1,1.1,3.1,36.4,0.4,2.0,21.4,0.4,0.9,50.0,0.6,1.1,1.7,0.9,0.3,0.6,0.4,1.7,9.2,0,0,-0.1
381,Taj Gibson,NYK,36,14,6,8,18.6,3.1,1.2,3.0,40.5,0.1,0.6,12.5,0.6,0.8,81.8,1.6,2.6,4.2,0.6,0.9,0.4,1.1,3.0,12.7,0,0,2.2
383,Amir Coffey,LAC,24,18,7,11,12.1,3.1,0.8,2.3,33.3,0.6,1.7,32.3,1.0,1.2,85.7,0.2,1.4,1.6,0.6,0.3,0.1,0.1,0.7,6.1,0,0,1.2
384,Day'Ron Sharpe,BKN,20,10,6,4,6.2,3.1,1.3,2.2,59.1,0.1,0.3,33.3,0.4,1.1,36.4,1.4,1.5,2.9,0.0,0.8,0.2,0.3,0.7,7.3,0,0,-0.1
384,Lamar Stevens,CLE,24,20,14,6,10.7,3.1,1.2,3.0,40.7,0.5,1.1,40.9,0.3,0.4,62.5,0.6,1.3,1.9,0.4,0.4,0.2,0.2,1.2,6.8,0,0,-0.2
386,Payton Pritchard,BOS,23,24,13,11,10.1,3.1,1.0,3.4,30.5,0.8,2.3,33.9,0.2,0.2,100,0.3,0.9,1.2,1.5,0.6,0.0,0.1,0.7,6.7,0,0,-1.4
387,Aaron Nesmith,BOS,22,25,12,13,10.8,3.1,1.1,3.4,32.9,0.6,2.4,23.3,0.3,0.4,77.8,0.3,1.4,1.7,0.4,0.5,0.3,0.0,1.4,6.3,0,0,-1.9
388,James Ennis III,BKN,31,1,0,1,12.4,3.0,1.0,6.0,16.7,1.0,2.0,50.0,0.0,0.0,0.0,2.0,2.0,4.0,0.0,0.0,1.0,1.0,0.0,13.8,0,0,6.0
388,McKinley Wright IV,MIN,23,1,1,0,4.1,3.0,1.0,1.0,100,1.0,1.0,100,0.0,0.0,0.0,0.0,0.0,0.0,0.0,1.0,0.0,0.0,0.0,2.0,0,0,-6.0
388,Trevor Ariza,LAL,36,1,0,1,15.2,3.0,1.0,1.0,100,1.0,1.0,100,0.0,0.0,0.0,0.0,1.0,1.0,2.0,0.0,0.0,0.0,0.0,7.2,0,0,-4.0
388,Vlatko Cancar,DEN,24,9,5,4,8.4,3.0,1.0,2.1,47.4,0.4,0.6,80.0,0.6,0.7,83.3,0.1,0.9,1.0,0.9,0.4,0.2,0.1,0.9,6.1,0,0,-0.6
392,Sterling Brown,DAL,26,21,10,11,13.1,3.0,1.1,3.3,33.3,0.6,2.2,26.1,0.2,0.2,100,0.7,2.6,3.2,0.7,0.8,0.5,0.1,1.2,9.0,0,0,-0.4
393,Miles McBride,NYK,21,10,4,6,6.9,2.9,1.1,3.0,36.7,0.4,1.5,26.7,0.3,0.3,100,0.2,0.6,0.8,1.2,0.0,0.6,0.1,0.7,7.8,0,0,1.1
394,Delon Wright,ATL,29,27,14,13,14.4,2.9,1.0,2.6,38.6,0.3,0.9,37.5,0.6,0.7,78.9,0.7,2.0,2.6,2.1,0.6,0.6,0.2,0.6,11.1,0,0,0.0
394,Jahmi'us Ramsey,SAC,20,9,2,7,7.7,2.9,1.1,2.9,38.5,0.2,1.2,18.2,0.4,0.9,50.0,0.1,0.3,0.4,0.3,0.2,0.1,0.1,0.6,4.4,0,0,0.7
394,KZ Okpala,MIA,22,18,11,7,10.8,2.9,1.1,2.9,35.8,0.3,1.2,27.3,0.4,0.6,80.0,0.6,1.4,2.0,0.6,0.2,0.2,0.3,1.2,7.6,0,0,-0.5
397,Jock Landale,SAS,26,12,6,6,4.1,2.8,1.0,1.6,63.2,0.3,0.6,42.9,0.5,0.6,85.7,0.4,0.3,0.7,0.3,0.3,0.1,0.2,0.4,4.4,0,0,4.0
398,Justise Winslow,LAC,25,21,13,8,9.6,2.7,1.2,2.8,42.4,0.2,0.7,28.6,0.1,0.4,37.5,0.6,1.9,2.4,1.0,0.9,0.5,0.3,0.8,8.7,0,0,-0.6
399,Chris Chiozza,GSW,26,13,10,3,12.5,2.7,0.9,2.9,31.6,0.8,2.2,35.7,0.1,0.1,100,0.5,1.2,1.7,2.1,1.0,0.5,0.0,1.4,8.5,0,0,-0.5
400,Gorgui Dieng,ATL,31,24,12,12,8.2,2.7,0.9,2.0,44.9,0.4,1.0,37.5,0.5,0.7,68.8,0.9,2.2,3.1,0.6,0.5,0.3,0.3,1.4,8.6,0,0,0.0
400,Tyler Cook,CHI,24,3,1,2,6.4,2.7,0.7,1.3,50.0,0.0,0.0,0.0,1.3,1.3,100,0.0,0.7,0.7,1.0,0.3,0.0,0.0,0.7,4.6,0,0,-1.0
402,Tomas Satoransky,NOP,30,26,9,17,14.9,2.7,1.0,3.2,31.7,0.1,0.8,13.6,0.5,0.7,77.8,0.6,1.4,2.0,2.0,0.7,0.3,0.0,1.1,8.3,0,0,-5.0
403,Dylan Windler,CLE,25,20,13,7,10.1,2.6,1.0,2.3,42.2,0.6,1.5,36.7,0.2,0.2,75.0,0.4,1.4,1.8,0.9,0.5,0.3,0.1,1.2,6.8,0,0,-0.5
403,Isaiah Todd,WAS,20,5,0,5,2.8,2.6,0.8,2.0,40.0,0.8,1.4,57.1,0.2,0.4,50.0,0.2,0.2,0.4,0.0,0.2,0.4,0.2,0.2,4.7,0,0,0.6
403,Josh Okogie,MIN,23,20,6,14,13.9,2.6,0.8,2.5,32.7,0.3,1.1,23.8,0.8,1.3,57.7,1.0,1.3,2.2,0.9,0.5,0.7,0.3,1.4,8.7,0,0,0.0
406,Justin Robinson,SAC,24,19,11,8,10.9,2.5,0.9,3.2,29.5,0.5,2.0,26.3,0.1,0.1,100,0.1,0.6,0.7,1.2,0.6,0.4,0.0,0.9,5.8,0,0,-3.5
407,Anthony Gill,WAS,29,12,3,9,5.3,2.5,0.8,1.1,76.9,0.3,0.3,100,0.6,0.7,87.5,0.5,0.9,1.4,0.2,0.2,0.0,0.2,0.6,4.8,0,0,3.2
407,Goga Bitadze,IND,22,18,8,10,8.2,2.5,0.8,2.8,29.4,0.2,1.4,15.4,0.6,0.9,64.7,1.0,1.3,2.3,0.2,0.3,0.6,0.6,1.6,8.6,0,0,-1.2
407,Wesley Matthews,MIL,35,4,3,1,14.0,2.5,1.0,2.8,36.4,0.5,2.0,25.0,0.0,0.5,0.0,0.3,1.0,1.3,0.3,0.5,0.5,0.3,1.5,6.1,0,0,4.8
410,Abdel Nader,PHX,28,14,11,3,10.4,2.4,0.9,2.5,34.3,0.3,1.0,28.6,0.4,0.7,60.0,0.3,1.6,1.9,0.5,0.8,0.6,0.3,1.4,7.3,0,0,-0.1
411,Paul Reed,PHI,22,15,7,8,9.4,2.4,1.2,2.5,48.6,0.0,0.3,0.0,0.0,0.0,0.0,1.1,1.5,2.5,0.5,0.4,0.6,0.6,1.4,9.4,0,0,-3.7
411,Theo Maledon,OKC,20,15,3,12,11.5,2.4,0.7,2.9,22.7,0.2,1.8,11.1,0.9,1.0,86.7,0.4,1.2,1.6,1.0,1.0,0.3,0.1,0.8,6.2,0,0,-2.9
413,Josh Green,DAL,21,17,7,10,7.4,2.4,1.1,1.8,60.0,0.2,0.4,50.0,0.1,0.2,25.0,0.5,1.1,1.5,0.5,0.2,0.4,0.1,0.9,6.1,0,0,2.6
414,Jevon Carter,BKN,26,27,19,8,11.7,2.3,0.8,2.8,27.6,0.7,2.2,30.5,0.1,0.1,75.0,0.1,1.3,1.5,1.1,0.4,0.3,0.3,1.1,7.1,0,0,-0.4
415,Justin Champagnie,TOR,20,15,9,6,7.3,2.2,0.8,2.0,40.0,0.0,0.5,0.0,0.6,0.6,100,0.9,0.5,1.4,0.1,0.1,0.1,0.1,0.9,4.8,0,0,1.4
416,Gabriel Deck,OKC,26,6,2,4,7.5,2.2,1.0,2.0,50.0,0.2,0.5,33.3,0.0,0.0,0.0,0.2,0.7,0.8,0.5,0.3,0.2,0.0,0.3,4.1,0,0,-2.0
416,Nathan Knight,MIN,24,12,6,6,3.9,2.2,0.5,0.8,60.0,0.0,0.1,0.0,1.2,1.5,77.8,0.3,0.9,1.3,0.3,0.3,0.1,0.2,0.5,4.5,0,0,0.3
418,Jordan McLaughlin,MIN,25,19,10,9,10.6,2.1,0.7,2.4,28.9,0.2,1.1,20.0,0.5,0.6,81.8,0.2,0.7,0.9,2.0,0.6,0.6,0.0,0.4,7.2,0,0,-3.5
419,Devontae Cacok,SAS,25,1,1,0,1.8,2.0,1.0,1.0,100,0.0,0.0,0.0,0.0,0.0,0.0,1.0,1.0,2.0,1.0,0.0,0.0,0.0,0.0,5.9,0,0,1.0
419,Jalen Johnson,ATL,20,7,5,2,2.7,2.0,0.7,1.4,50.0,0.3,0.6,50.0,0.3,0.3,100,0.0,0.7,0.7,0.0,0.0,0.0,0.0,0.0,2.9,0,0,-0.9
419,Joshua Primo,SAS,18,8,5,3,7.4,2.0,0.8,1.4,54.5,0.5,1.0,50.0,0.0,0.0,0.0,0.1,0.6,0.8,0.5,0.0,0.4,0.5,0.5,6.3,0,0,0.9
419,Keljin Blevins,POR,26,3,1,2,4.7,2.0,0.7,1.3,50.0,0.7,1.0,66.7,0.0,0.0,0.0,0.0,0.3,0.3,0.3,0.7,0.0,0.0,0.0,2.2,0,0,-4.0
419,Skylar Mays,ATL,24,7,5,2,2.7,2.0,0.6,0.7,80.0,0.1,0.3,50.0,0.7,0.7,100,0.0,0.3,0.3,0.1,0.3,0.0,0.0,0.3,2.3,0,0,-0.9
419,Tony Snell,POR,30,22,8,14,12.0,2.0,0.7,2.1,32.6,0.5,1.6,30.6,0.1,0.1,100,0.1,1.2,1.4,0.7,0.2,0.2,0.1,1.0,5.4,0,0,-0.6
419,Trendon Watford,POR,21,8,2,6,5.0,2.0,0.9,1.6,53.8,0.0,0.0,0.0,0.3,0.4,66.7,0.4,0.8,1.1,0.5,0.4,0.3,0.4,0.3,5.6,0,0,-1.8
426,Moses Moody,GSW,19,20,18,2,6.5,1.9,0.8,2.3,33.3,0.2,1.3,16.0,0.2,0.4,57.1,0.2,0.8,1.0,0.3,0.2,0.1,0.2,0.5,4.2,0,0,-0.5
427,Willie Cauley-Stein,DAL,28,18,10,8,9.8,1.9,0.9,1.9,45.7,0.1,0.1,50.0,0.1,0.1,50.0,0.7,1.4,2.1,0.5,0.4,0.3,0.2,0.9,6.3,0,0,1.2
428,Jared Butler,UTA,21,17,15,2,4.3,1.9,0.6,1.9,34.4,0.4,1.1,31.6,0.2,0.4,57.1,0.0,0.7,0.7,0.6,0.5,0.1,0.4,0.9,4.6,0,0,-0.5
429,Ignas Brazdeikis,ORL,22,13,1,12,8.5,1.8,0.6,2.4,25.8,0.2,1.4,16.7,0.4,0.5,83.3,0.4,1.0,1.4,0.5,0.2,0.2,0.0,1.0,4.7,0,0,-1.0
429,Rodney McGruder,DET,30,13,1,12,7.3,1.8,0.8,1.9,40.0,0.2,0.8,18.2,0.2,0.2,100,0.5,1.0,1.5,0.5,0.5,0.0,0.2,0.5,4.4,0,0,-0.4
431,Keon Johnson,LAC,19,5,2,3,4.6,1.8,0.4,1.4,28.6,0.0,0.2,0.0,1.0,1.2,83.3,0.2,0.4,0.6,0.4,0.2,0.2,0.0,0.8,3.5,0,0,1.0
432,Georgios Kalaitzakis,MIL,22,9,7,2,5.3,1.8,0.6,1.2,45.5,0.2,0.4,50.0,0.4,1.0,44.4,0.4,0.4,0.9,0.0,0.4,0.1,0.1,0.9,3.1,0,0,-5.4
433,Alize Johnson,CHI,25,16,10,6,7.5,1.8,0.8,1.4,52.2,0.0,0.1,0.0,0.3,0.4,57.1,1.0,1.3,2.3,0.5,0.5,0.2,0.0,0.9,5.3,0,0,-3.8
433,Eugene Omoruyi,DAL,24,4,1,3,4.5,1.8,0.5,1.3,40.0,0.3,0.5,50.0,0.5,1.0,50.0,0.5,1.3,1.8,0.5,0.0,0.0,0.0,0.5,4.6,0,0,0.8
433,Jose Alvarado,NOP,23,8,2,6,5.1,1.8,0.6,1.6,38.5,0.3,0.6,40.0,0.3,0.4,66.7,0.3,0.4,0.6,1.1,0.1,0.5,0.0,0.4,5.6,0,0,2.9
436,Denzel Valentine,CLE,28,19,12,7,6.7,1.7,0.6,2.2,29.3,0.5,1.4,33.3,0.0,0.0,0.0,0.3,0.7,1.1,0.3,0.4,0.3,0.0,0.6,3.8,0,0,-1.8
437,Ed Davis,CLE,32,11,7,4,9.7,1.7,0.8,1.1,75.0,0.0,0.0,0.0,0.1,0.4,25.0,0.5,2.9,3.4,0.1,0.3,0.3,0.6,1.4,8.4,0,0,-1.8
438,CJ Elleby,POR,21,14,6,8,5.4,1.7,0.7,1.6,45.5,0.3,0.9,33.3,0.0,0.0,0.0,0.1,1.1,1.3,0.3,0.5,0.0,0.0,0.8,3.2,0,0,-2.2
439,Duane Washington Jr.,IND,21,3,2,1,2.3,1.7,0.7,1.3,50.0,0.3,1.0,33.3,0.0,0.0,0.0,0.0,0.3,0.3,0.0,0.0,0.0,0.0,0.0,2.1,0,0,-4.3
440,Isaiah Jackson,IND,19,7,3,4,5.1,1.6,0.7,2.0,35.7,0.0,0.0,0.0,0.1,0.3,50.0,0.6,1.0,1.6,0.0,0.1,0.1,0.1,1.3,4.2,0,0,-1.3
441,Jeff Dowtin,GSW,24,4,3,1,6.9,1.5,0.8,1.5,50.0,0.0,0.3,0.0,0.0,0.0,0.0,0.3,1.5,1.8,0.8,0.3,0.0,0.3,0.5,5.2,0,0,4.3
441,Matt Thomas,CHI,27,8,6,2,6.1,1.5,0.6,2.4,26.3,0.3,1.1,22.2,0.0,0.0,0.0,0.0,0.6,0.6,0.0,0.0,0.3,0.1,0.4,3.4,0,0,-0.8
441,Usman Garuba,HOU,19,10,2,8,6.7,1.5,0.6,1.6,37.5,0.2,0.9,22.2,0.1,0.2,50.0,0.6,1.7,2.3,0.7,0.3,0.4,0.4,0.7,7.4,0,0,1.9
444,Greg Brown III,POR,20,11,6,5,4.7,1.5,0.6,1.8,35.0,0.0,0.4,0.0,0.2,0.6,28.6,0.5,0.8,1.3,0.5,0.2,0.2,0.4,0.6,5.1,0,0,-3.0
445,Trent Forrest,UTA,23,22,15,7,7.4,1.4,0.5,1.0,52.4,0.0,0.1,33.3,0.4,0.5,80.0,0.3,0.8,1.1,0.7,0.5,0.2,0.0,0.5,4.0,0,0,1.9
446,Paul Watson,OKC,26,5,1,4,15.7,1.4,0.4,3.0,13.3,0.4,2.6,15.4,0.2,0.4,50.0,0.4,2.0,2.4,0.6,0.6,0.2,0.6,1.0,7.0,0,0,-8.4
447,Bol Bol,DEN,22,11,4,7,4.6,1.4,0.6,1.5,43.8,0.0,0.3,0.0,0.1,0.3,33.3,0.2,1.1,1.3,0.4,0.0,0.1,0.2,0.3,4.3,0,0,0.2
448,RJ Nembhard Jr.,CLE,22,3,1,2,2.2,1.3,0.7,0.7,100,0.0,0.0,0.0,0.0,0.0,0.0,0.0,0.3,0.3,0.7,0.3,0.0,0.0,0.0,2.4,0,0,1.7
449,Leandro Bolmaro,MIN,21,19,10,9,8.5,1.3,0.4,1.6,26.7,0.1,0.5,10.0,0.4,0.5,88.9,0.7,1.0,1.7,0.5,0.6,0.3,0.0,1.0,4.3,0,0,-1.2
450,Ish Wainright,PHX,27,10,8,2,5.6,1.2,0.5,2.1,23.8,0.2,1.2,16.7,0.0,0.2,0.0,0.6,0.6,1.2,0.4,0.3,0.3,0.1,1.3,4.1,0,0,0.7
450,Udonis Haslem,MIA,41,5,4,1,4.6,1.2,0.6,1.2,50.0,0.0,0.2,0.0,0.0,0.0,0.0,0.2,1.0,1.2,0.2,0.0,0.0,0.2,1.0,3.5,0,0,0.6
452,Cassius Winston,WAS,23,2,0,2,3.4,1.0,0.0,1.0,0.0,0.0,1.0,0.0,1.0,1.0,100,0.0,0.0,0.0,1.0,0.5,0.0,0.0,0.0,2.0,0,0,-1.5
452,Chaundee Brown Jr.,LAL,23,2,0,2,10.3,1.0,0.5,3.5,14.3,0.0,1.5,0.0,0.0,0.0,0.0,0.0,1.0,1.0,0.0,0.5,0.0,0.0,0.0,1.7,0,0,-0.5
452,Isaac Bonga,TOR,22,11,6,5,5.4,1.0,0.3,1.1,25.0,0.1,0.3,33.3,0.4,0.5,66.7,0.4,0.2,0.5,0.3,0.2,0.5,0.2,0.9,4.1,0,0,-2.4
452,Jamorko Pickett,DET,23,3,0,3,2.9,1.0,0.3,0.3,100,0.3,0.3,100,0.0,0.0,0.0,0.0,0.0,0.0,0.0,0.3,0.0,0.0,0.0,0.7,0,0,2.7
452,Jericho Sims,NYK,23,9,4,5,6.4,1.0,0.3,0.3,100,0.0,0.0,0.0,0.3,0.4,75.0,0.3,1.3,1.7,0.1,0.2,0.2,0.4,0.4,4.9,0,0,1.6
452,Joe Wieskamp,SAS,22,3,2,1,2.6,1.0,0.3,0.3,100,0.3,0.3,100,0.0,0.0,0.0,0.0,0.0,0.0,0.0,0.0,0.0,0.0,0.3,1.0,0,0,-1.0
452,Marko Simonovic,CHI,22,3,1,2,4.1,1.0,0.0,1.7,0.0,0.0,1.0,0.0,1.0,1.3,75.0,0.3,0.3,0.7,0.0,0.3,0.0,0.0,0.0,1.5,0,0,-0.7
452,Robert Woodard II,SAC,22,2,0,2,2.7,1.0,0.0,0.0,0.0,0.0,0.0,0.0,1.0,1.0,100,0.0,0.0,0.0,0.0,0.5,0.0,0.0,0.0,0.5,0,0,3.0
452,Sam Hauser,BOS,24,3,3,0,2.3,1.0,0.3,1.0,33.3,0.3,1.0,33.3,0.0,0.0,0.0,0.0,0.7,0.7,0.0,0.0,0.3,0.0,0.3,2.8,0,0,-5.3
461,Juancho Hernangomez,BOS,26,15,8,7,4.2,0.9,0.3,1.2,22.2,0.1,0.8,16.7,0.3,0.3,80.0,0.4,0.7,1.1,0.1,0.4,0.3,0.0,0.3,2.8,0,0,-2.3
462,Kevin Pangos,CLE,28,12,10,2,4.1,0.9,0.3,0.9,36.4,0.2,0.5,33.3,0.1,0.2,50.0,0.1,0.2,0.3,0.7,0.3,0.1,0.0,0.4,2.1,0,0,-3.4
463,Jake Layman,MIN,27,11,6,5,4.8,0.9,0.4,1.4,26.7,0.2,0.6,28.6,0.0,0.2,0.0,0.1,0.8,0.9,0.1,0.2,0.1,0.1,0.2,2.5,0,0,-0.9
464,Petr Cornelie,DEN,26,10,2,8,3.1,0.9,0.4,1.3,30.8,0.0,0.7,0.0,0.1,0.2,50.0,0.6,0.6,1.2,0.3,0.2,0.0,0.1,0.5,2.9,0,0,1.5
465,Chandler Hutchison,PHX,25,5,3,2,2.9,0.8,0.2,0.4,50.0,0.0,0.0,0.0,0.4,0.4,100,0.0,1.0,1.0,0.2,0.6,0.0,0.0,0.2,1.7,0,0,1.6
466,Yves Pons,MEM,22,4,3,1,3.4,0.8,0.3,0.8,33.3,0.3,0.3,100,0.0,0.0,0.0,0.3,0.5,0.8,0.0,0.0,0.0,0.0,0.3,1.7,0,0,-1.0
467,Vit Krejci,OKC,21,3,1,2,3.0,0.7,0.0,0.7,0.0,0.0,0.7,0.0,0.7,0.7,100,0.0,1.0,1.0,0.0,0.3,0.0,0.0,0.0,1.5,0,0,-0.3
468,Marcus Garrett,MIA,23,8,7,1,6.6,0.6,0.3,0.8,33.3,0.1,0.1,100,0.0,0.3,0.0,0.4,0.8,1.1,0.5,0.1,0.1,0.3,0.9,3.7,0,0,1.0
468,Tacko Fall,CLE,26,8,3,5,3.1,0.6,0.3,0.6,40.0,0.0,0.0,0.0,0.1,0.6,20.0,0.1,0.5,0.6,0.0,0.1,0.0,0.3,0.1,2.0,0,0,-0.4
470,Solomon Hill,ATL,30,13,7,6,10.7,0.6,0.2,1.5,15.0,0.2,1.0,15.4,0.0,0.0,0.0,0.5,1.3,1.8,0.9,0.1,0.3,0.2,1.2,5.4,0,0,3.2
471,Sharife Cooper,ATL,20,7,6,1,2.5,0.6,0.3,1.1,25.0,0.0,0.3,0.0,0.0,0.0,0.0,0.0,0.1,0.1,0.6,0.4,0.0,0.0,0.1,1.2,0,0,-1.9
472,Kai Jones,CHA,20,9,6,3,2.5,0.6,0.2,0.4,50.0,0.0,0.1,0.0,0.1,0.2,50.0,0.1,0.3,0.4,0.1,0.3,0.0,0.0,0.1,0.9,0,0,-1.2
473,Bruno Fernando,BOS,23,8,5,3,2.2,0.5,0.3,0.4,66.7,0.0,0.0,0.0,0.0,0.0,0.0,0.1,0.1,0.3,0.1,0.4,0.0,0.1,0.4,1.0,0,0,-2.0
473,Scottie Lewis,CHA,21,2,1,1,3.3,0.5,0.0,0.0,0.0,0.0,0.0,0.0,0.5,1.0,50.0,0.0,0.0,0.0,0.5,0.0,0.5,0.0,0.0,2.8,0,0,-2.0
473,Udoka Azubuike,UTA,22,4,3,1,2.0,0.5,0.3,0.3,100,0.0,0.0,0.0,0.0,0.0,0.0,0.3,0.8,1.0,0.0,0.3,0.0,0.0,0.0,1.5,0,0,-0.5
476,Miye Oni,UTA,24,14,13,1,2.9,0.4,0.1,0.5,28.6,0.1,0.4,16.7,0.0,0.1,0.0,0.0,0.4,0.4,0.4,0.1,0.0,0.0,0.4,1.3,0,0,-1.6
477,Elijah Hughes,UTA,23,6,5,1,2.8,0.3,0.0,0.3,0.0,0.0,0.2,0.0,0.3,0.3,100,0.0,0.2,0.2,0.0,0.2,0.0,0.0,0.3,0.4,0,0,-3.3
478,Aaron Henry,PHI,22,1,1,0,2.1,0.0,0.0,1.0,0.0,0.0,1.0,0.0,0.0,0.0,0.0,0.0,0.0,0.0,0.0,0.0,0.0,0.0,0.0,0.0,0,0,-6.0
478,Arnoldas Kulboka,CHA,23,1,1,0,2.7,0.0,0.0,0.0,0.0,0.0,0.0,0.0,0.0,0.0,0.0,0.0,0.0,0.0,0.0,0.0,0.0,0.0,0.0,0.0,0,0,-8.0
478,Brodric Thomas,BOS,24,4,2,2,2.0,0.0,0.0,0.3,0.0,0.0,0.3,0.0,0.0,0.0,0.0,0.3,0.0,0.3,0.0,0.5,0.0,0.0,0.0,-0.2,0,0,-4.3
478,Daishen Nix,HOU,19,1,1,0,1.9,0.0,0.0,0.0,0.0,0.0,0.0,0.0,0.0,0.0,0.0,0.0,0.0,0.0,1.0,0.0,0.0,0.0,0.0,1.5,0,0,-4.0
478,David Johnson,TOR,20,2,2,0,1.0,0.0,0.0,0.5,0.0,0.0,0.5,0.0,0.0,0.0,0.0,0.0,0.0,0.0,0.0,0.0,0.0,0.0,0.0,0.0,0,0,-1.0
478,DeJon Jarreau,IND,23,1,0,1,0.9,0.0,0.0,0.0,0.0,0.0,0.0,0.0,0.0,0.0,0.0,0.0,0.0,0.0,0.0,0.0,0.0,0.0,0.0,0.0,0,0,2.0
478,Didi Louzada,NOP,22,2,0,2,3.5,0.0,0.0,1.5,0.0,0.0,1.5,0.0,0.0,0.0,0.0,1.0,0.0,1.0,0.5,0.0,0.0,0.0,0.0,2.0,0,0,-2.0
478,Gary Clark,NOP,27,1,1,0,2.7,0.0,0.0,0.0,0.0,0.0,0.0,0.0,0.0,0.0,0.0,0.0,0.0,0.0,0.0,0.0,0.0,0.0,0.0,0.0,0,0,-8.0
478,Isaiah Livers,DET,23,1,0,1,4.7,0.0,0.0,2.0,0.0,0.0,2.0,0.0,0.0,0.0,0.0,0.0,0.0,0.0,0.0,1.0,1.0,1.0,1.0,5.0,0,0,-2.0
478,JaQuori McLaughlin,DAL,23,3,1,2,2.7,0.0,0.0,0.7,0.0,0.0,0.3,0.0,0.0,0.0,0.0,0.0,0.0,0.0,0.7,0.0,0.0,0.0,0.0,1.0,0,0,-2.3
478,Jaden Springer,PHI,19,1,1,0,2.1,0.0,0.0,0.0,0.0,0.0,0.0,0.0,0.0,0.0,0.0,0.0,0.0,0.0,0.0,0.0,0.0,0.0,0.0,0.0,0,0,-6.0
478,Jay Huff,LAL,24,2,0,2,6.6,0.0,0.0,0.5,0.0,0.0,0.5,0.0,0.0,0.0,0.0,0.5,0.5,1.0,0.5,0.0,0.5,0.0,0.5,3.5,0,0,10.0
478,Joel Ayayi,WAS,21,5,0,5,2.6,0.0,0.0,0.0,0.0,0.0,0.0,0.0,0.0,0.0,0.0,0.0,0.4,0.4,0.6,0.0,0.0,0.0,0.0,1.4,0,0,0.4
478,Malik Fitts,UTA,24,4,4,0,2.6,0.0,0.0,0.3,0.0,0.0,0.0,0.0,0.0,0.0,0.0,0.0,0.8,0.8,0.0,0.0,0.0,0.0,0.0,0.9,0,0,-0.8
478,Neemias Queta,SAC,22,1,0,1,7.7,0.0,0.0,4.0,0.0,0.0,0.0,0.0,0.0,0.0,0.0,3.0,2.0,5.0,1.0,0.0,0.0,1.0,1.0,10.5,0,0,-9.0
478,Sam Dekker,TOR,27,1,1,0,0.9,0.0,0.0,0.0,0.0,0.0,0.0,0.0,0.0,0.0,0.0,0.0,0.0,0.0,0.0,0.0,0.0,0.0,0.0,0.0,0,0,-5.0
478,Trevelin Queen,HOU,24,1,1,0,2.8,0.0,0.0,2.0,0.0,0.0,2.0,0.0,0.0,0.0,0.0,0.0,0.0,0.0,0.0,0.0,0.0,0.0,0.0,0.0,0,0,-9.0
478,Wayne Selden,NYK,27,2,1,1,5.2,0.0,0.0,1.0,0.0,0.0,0.5,0.0,0.0,0.0,0.0,0.0,0.0,0.0,0.0,0.0,0.0,0.0,0.5,0.0,0,0,-5.0
